function	linux_returns	ret	windows	windows_rva	windows_size	header
AI::AdjustBanResourceEffect::InitializeData	0	AI::GameEffectAnalysis::AnalysisData*	constant (0)	0x478f10	3	GameEffectAnalyzers.h
AI::AdjustImprovementAmenityEffect::InitializeData	0	AI::GameEffectAnalysis::AnalysisData*	constant (0)	0x478f10	3	GameEffectAnalyzers.h
AI::AdjustNoCapResourceEffect::InitializeData	0	AI::GameEffectAnalysis::AnalysisData*	constant (0)	0x478f10	3	GameEffectAnalyzers.h
AI::AdjustNoGreatPersonPtsEffect::InitializeData	0	AI::GameEffectAnalysis::AnalysisData*	constant (0)	0x478f10	3	GameEffectAnalyzers.h
AI::AdjustOpenBordersInfluenceEffect::InitializeData	0	AI::GameEffectAnalysis::AnalysisData*	constant (0)	0x478f10	3	GameEffectAnalyzers.h
AI::AdjustTradeRouteImmunityEffect::InitializeData	0	AI::GameEffectAnalysis::AnalysisData*	constant (0)	0x478f10	3	GameEffectAnalyzers.h
AI::AdjustUnitCannotAttackEffect::InitializeData	0	AI::GameEffectAnalysis::AnalysisData*	constant (0)	0x478f10	3	GameEffectAnalyzers.h
AI::AllianceTradeRouteRequirement::InitializeData	0	DataPtr	constant (0)	0x478f10	3	GameRequirementAnalyzers.h
AI::AlwaysMetRequirement::InitializeData	0	DataPtr	constant (0)	0x478f10	3	GameRequirementAnalyzers.h
AI::AlwaysMetRequirement::MeetsRequirement	1	bool	constant (true)	0x8801d0	3	GameRequirementAnalyzers.h
AI::BehaviorTree::BehaviorTree::CreateChildTree	0xffffffff	int	no windows symbol			BehaviorTree.h
AI::BehaviorTree::BehaviorTree::GetChildTree	0	AI::BehaviorTree::BehaviorTree*	no windows symbol			BehaviorTree.h
AI::BehaviorTree::GatherBuildingsNode::Update	3	AI::BehaviorTree::ACTION_STATE	no windows symbol			GatherBuildings.h
AI::BehaviorTree::NotNode::Update	0	AI::BehaviorTree::ACTION_STATE	constant (0)	0x478f10	3	BtNotDecorator.h
AI::BehaviorTree::NotifyOwnerNode::Update	1	AI::BehaviorTree::ACTION_STATE	constant (1)	0x53c780	6	BarbarianManagement.h
AI::BehaviorTree::PriorityNode::Update	0	AI::BehaviorTree::ACTION_STATE	constant (0)	0x478f10	3	BtPriorityNode.h
AI::BehaviorTree::SequenceNode::Update	0	AI::BehaviorTree::ACTION_STATE	constant (0)	0x478f10	3	BtSequenceNode.h
AI::BehaviorTree::UseScriptedCommand::Update	1	AI::BehaviorTree::ACTION_STATE	constant (1)	0x53c780	6	OperationSupport.h
AI::CityHasGarrisonRequirement::InitializeData	0	DataPtr	constant (0)	0x478f10	3	GameRequirementAnalyzers.h
AI::CityHasGovernorRequirement::InitializeData	0	DataPtr	constant (0)	0x478f10	3	GameRequirementAnalyzers.h
AI::CityHasPantheonRequirement::InitializeData	0	DataPtr	constant (0)	0x478f10	3	GameRequirementAnalyzers.h
AI::CityHasReligionRequirement::InitializeData	0	DataPtr	constant (0)	0x478f10	3	GameRequirementAnalyzers.h
AI::CityIsOwnerCapitalContinentRequirement::InitializeData	0	DataPtr	constant (0)	0x478f10	3	GameRequirementAnalyzers.h
AI::Control::UnitEvaluator::IsDoneRecruiting	0	bool	constant (false)	0x852e70	3	Control_Manager.h
AI::Control::UnitRequestContract::Update	1	bool	constant (true)	0x8801d0	3	Contracts.h
AI::Control::UnitRequestContract::Update	1	bool	logic	0x3f7810	531	Contracts.h
AI::DeclaredFriendRequirement::InitializeData	0	DataPtr	constant (0)	0x478f10	3	GameRequirementAnalyzers.h
AI::DefaultDiplomaticActionEvaluator::IsReady	0	bool	constant (false)	0x852e70	3	DiplomaticActions.cpp
AI::DiplomaticSupport::OnWarDeclared	1	bool	constant (true)	0x8801d0	3	DiplomaticSupport.h
AI::DiplomaticSupport::ReadyForWar	0	bool	constant (false)	0x852e70	3	DiplomaticSupport.h
AI::ExploreMapEffect::InitializeData	0	AI::GameEffectAnalysis::AnalysisData*	constant (0)	0x478f10	3	GameEffectAnalyzers.h
AI::GameEffectAnalysis::AnalyzeDefault	1	bool	constant (true)	0x8801d0	3	GameEffects.h
AI::GameRequirementAnalysis::clone	0	DataPtr	constant (0)	0x478f10	3	GameEffects.h
AI::GovernorCopyLuxuriesEffect::InitializeData	0	AI::GameEffectAnalysis::AnalysisData*	constant (0)	0x478f10	3	GameEffectAnalyzers.h
AI::GovernorCopyStrategicsEffect::InitializeData	0	AI::GameEffectAnalysis::AnalysisData*	constant (0)	0x478f10	3	GameEffectAnalyzers.h
AI::Governors::ReceiveContract	0	bool	constant (false)	0x852e70	3	Governors.h
AI::HadFriendlyMeetingRequirement::InitializeData	0	DataPtr	constant (0)	0x478f10	3	GameRequirementAnalyzers.h
AI::HasDelegationRequirement::InitializeData	0	DataPtr	constant (0)	0x478f10	3	GameRequirementAnalyzers.h
AI::HasDenouncedRequirement::InitializeData	0	DataPtr	constant (0)	0x478f10	3	GameRequirementAnalyzers.h
AI::IsMetRequirement::InitializeData	0	DataPtr	constant (0)	0x478f10	3	GameRequirementAnalyzers.h
AI::IsMetRequirement::MeetsRequirement	1	bool	constant (true)	0x8801d0	3	GameRequirementAnalyzers.h
AI::IsNotMetRequirement::InitializeData	0	DataPtr	constant (0)	0x478f10	3	GameRequirementAnalyzers.h
AI::IsNotMetRequirement::MeetsRequirement	0	bool	constant (false)	0x852e70	3	GameRequirementAnalyzers.h
AI::JointWarEvaluator::IsReady	0	bool	constant (false)	0x852e70	3	DiplomaticActions.cpp
AI::MakeAllianceEvaluator::IsReady	0	bool	constant (false)	0x852e70	3	DiplomaticActions.cpp
AI::MountainTunnelEffect::InitializeData	0	AI::GameEffectAnalysis::AnalysisData*	constant (0)	0x478f10	3	GameEffectAnalyzers.h
AI::NeverMetRequirement::InitializeData	0	DataPtr	constant (0)	0x478f10	3	GameRequirementAnalyzers.h
AI::NeverMetRequirement::MeetsRequirement	0	bool	constant (false)	0x852e70	3	GameRequirementAnalyzers.h
AI::OpenBordersEvaluator::IsReady	0	bool	constant (false)	0x852e70	3	DiplomaticActions.cpp
AI::OpponentIsBarbarianRequirement::InitializeData	0	DataPtr	constant (0)	0x478f10	3	GameRequirementAnalyzers.h
AI::OpponentIsDistrictRequirement::InitializeData	0	DataPtr	constant (0)	0x478f10	3	GameRequirementAnalyzers.h
AI::OpponentIsFortifiedRequirement::InitializeData	0	DataPtr	constant (0)	0x478f10	3	GameRequirementAnalyzers.h
AI::Planning::Instance::GetsCombatInfo	1	bool	no windows symbol			UnitPlanning_Manager.h
AI::Planning::PlotsOnly::GetsCombatInfo	0	bool	no windows symbol			UnitPlanning_Manager.h
AI::PlayerAtPeaceRequirement::InitializeData	0	DataPtr	constant (0)	0x478f10	3	GameRequirementAnalyzers.h
AI::PlayerAttackingRequirement::InitializeData	0	DataPtr	constant (0)	0x478f10	3	GameRequirementAnalyzers.h
AI::PlayerAttackingRequirement::MeetsRequirement	1	bool	constant (true)	0x8801d0	3	GameRequirementAnalyzers.h
AI::PlayerGaveMostInfluenceRequirement::InitializeData	0	DataPtr	constant (0)	0x478f10	3	GameRequirementAnalyzers.h
AI::PlayerHasPantheonRequirement::InitializeData	0	DataPtr	constant (0)	0x478f10	3	GameRequirementAnalyzers.h
AI::PlayerInGoldenAgeRequirement::InitializeData	0	DataPtr	constant (0)	0x478f10	3	GameRequirementAnalyzers.h
AI::PlayerIsBarbarianRequirement::InitializeData	0	DataPtr	constant (0)	0x478f10	3	GameRequirementAnalyzers.h
AI::PlayerIsMinorCivRequirement::InitializeData	0	DataPtr	constant (0)	0x478f10	3	GameRequirementAnalyzers.h
AI::PlayerIsReligionFounderRequirement::InitializeData	0	DataPtr	constant (0)	0x478f10	3	GameRequirementAnalyzers.h
AI::PlotAdjacentToCoastRequirement::InitializeData	0	DataPtr	constant (0)	0x478f10	3	GameRequirementAnalyzers.h
AI::PlotAdjacentToLakeRequirement::InitializeData	0	DataPtr	constant (0)	0x478f10	3	GameRequirementAnalyzers.h
AI::PlotAdjacentToOwnerRequirement::InitializeData	0	DataPtr	constant (0)	0x478f10	3	GameRequirementAnalyzers.h
AI::PlotAdjacentToRiverRequirement::InitializeData	0	DataPtr	constant (0)	0x478f10	3	GameRequirementAnalyzers.h
AI::PlotAdjacentToWonderRequirement::InitializeData	0	DataPtr	constant (0)	0x478f10	3	GameRequirementAnalyzers.h
AI::PlotHasDistrict::InitializeData	0	DataPtr	constant (0)	0x478f10	3	GameRequirementAnalyzers.h
AI::PlotHasImprovement::InitializeData	0	DataPtr	constant (0)	0x478f10	3	GameRequirementAnalyzers.h
AI::PlotIsCoastRequirement::InitializeData	0	DataPtr	constant (0)	0x478f10	3	GameRequirementAnalyzers.h
AI::PlotIsHillsRequirement::InitializeData	0	DataPtr	constant (0)	0x478f10	3	GameRequirementAnalyzers.h
AI::PlotResourceVisibleRequirement::InitializeData	0	DataPtr	constant (0)	0x478f10	3	GameRequirementAnalyzers.h
AI::ProposeAllianceEvaluator::IsReady	0	bool	no windows symbol			DiplomaticActions.cpp
AI::RecommissionReactorEffect::InitializeData	0	AI::GameEffectAnalysis::AnalysisData*	constant (0)	0x478f10	3	GameEffectAnalyzers.h
AI::ResearchAgreementEvaluator::IsReady	0	bool	constant (false)	0x852e70	3	DiplomaticActions.cpp
AI::SetIsMetRequirement::InitializeData	0	DataPtr	constant (0)	0x478f10	3	GameRequirementAnalyzers.h
AI::SetIsMetRequirement::MeetsRequirement	1	bool	constant (true)	0x8801d0	3	GameRequirementAnalyzers.h
AI::ThirdPartyWarEvaluator::IsReady	0	bool	constant (false)	0x852e70	3	DiplomaticActions.cpp
AI::Trade::Player::InitializeSignals	1	bool	no windows symbol			Trade.h
Cache::AI::InfluenceMap::Find	0	int	constant (0)	0x478f10	3	Cache_Ai_InfluenceMap.h
Cache::AI::InfluenceMap::Find	0	int	logic	0x69a60	20	Cache_Ai_InfluenceMap.h
Cache::Lua::IAiDiplomacy::lGetDealItemDesirability	0	int32	constant (0)	0x478f10	3	Cache_Lua_IAiDiplomacy.h
Cache::Lua::IAiDiplomacy::lGetDealItemDesirabilityString	0	int32	constant (0)	0x478f10	3	Cache_Lua_IAiDiplomacy.h
Cache::Lua::ICityManager::GetInstance	0	Cache::City::Manager*	no windows symbol			Cache_Lua_ICityManager.h
Cache::Lua::IDealManager::GetInstance	0	Cache::Diplomacy::Deal::Manager*	no windows symbol			Cache_Lua_IDealManager.h
Cache::Lua::IDiplomacyManager::GetInstance	0	Cache::Diplomacy::Manager*	no windows symbol			Cache_Lua_IDiplomacyManager.h
Cache::Lua::IUnitManager::GetInstance	0	Cache::Unit::Manager*	no windows symbol			Cache_Lua_IUnitManager.h
Cache::Player::Culture::DoesLockExist	1	bool	constant (true)	0x8801d0	3	Cache_Player_Culture.h
Cache::Player::Culture::GetIncrementingBonus	0	int	constant (0)	0x478f10	3	Cache_Player_Culture.h
Cache::Player::Culture::GetIncrementingBonusIncrement	0	int	constant (0)	0x478f10	3	Cache_Player_Culture.h
Cache::Player::Culture::GetIncrementingBonusInterval	1	int	constant (1)	0x53c780	6	Cache_Player_Culture.h
Cache::Player::Culture::GetIncrementingBonusTurnsUntilNext	1	int	constant (1)	0x53c780	6	Cache_Player_Culture.h
Censorship::IsTargetedGUID	0	bool	constant (false)	0x852e70	3	Censorship.cpp
City::BuildQueueNode::Read	1	bool	constant (true)	0x8801d0	3	City_BuildQueue.h
City::BuildQueueNode::Read	1	bool	logic	0x102c80	130	City_BuildQueue.h
City::BuildQueueNode::Write	0	bool	constant (false)	0x852e70	3	City_BuildQueue.h
City::BuildQueueNode::Write	0	bool	constant (true)	0x8801d0	3	City_BuildQueue.h
City::BuildQueueNode::Write	1	bool	constant (false)	0x852e70	3	City_BuildQueue.h
City::BuildQueueNode::Write	1	bool	constant (true)	0x8801d0	3	City_BuildQueue.h
City::Commands::Destroy::CanStart	1	bool	constant (true)	0x8801d0	3	City_Commands_Destroy.h
City::Commands::Destroy::UpdatesEndTurnBlockingState	1	bool	constant (true)	0x8801d0	3	City_Commands_Destroy.h
City::Commands::ManageCitizen::UpdatesEndTurnBlockingState	0	bool	constant (false)	0x852e70	3	City_Commands_ManageCitizen.h
City::Commands::NameCity::CanStart	1	bool	constant (true)	0x8801d0	3	City_Commands_NameCity.h
City::Commands::NameCity::UpdatesEndTurnBlockingState	1	bool	constant (true)	0x8801d0	3	City_Commands_NameCity.h
City::Commands::Purchase::UpdatesEndTurnBlockingState	0	bool	constant (false)	0x852e70	3	City_Commands_Purchase.h
City::Commands::RangeAttack::UpdatesEndTurnBlockingState	1	bool	constant (true)	0x8801d0	3	City_Commands_RangeAttack.h
City::Commands::SetFocus::CanStart	1	bool	constant (true)	0x8801d0	3	City_Commands_CityFocus.h
City::Commands::SetFocus::UpdatesEndTurnBlockingState	0	bool	constant (false)	0x852e70	3	City_Commands_CityFocus.h
City::Commands::SwapTileOwner::UpdatesEndTurnBlockingState	0	bool	constant (false)	0x852e70	3	City_Commands_SwapTileOwner.h
City::Commands::WMDStrike::UpdatesEndTurnBlockingState	0	bool	constant (false)	0x852e70	3	City_Commands_WMDStrike.h
City::Operations::Build::ClassParameters::Write	0	bool	constant (false)	0x852e70	3	City_Operations_Build.h
City::Operations::Build::ClassParameters::Write	0	bool	logic	0x684060	142	City_Operations_Build.h
Congress::Discussion::GetPolicyType	1	Congress::CongressPolicyTypes	constant (1)	0x53c780	6	World_Congress.h
Congress::Policy::GetPolicyType	0xffffffff	Congress::CongressPolicyTypes	constant (-1)	0x1febf0	4	World_Congress.h
Congress::Policy::IsVotingAllowed	0	bool	constant (false)	0x852e70	3	World_Congress.h
Data::TypedVariantMap::GetType	2	Data::VariantContainerTypes	no windows symbol			Data_Variant.h
Diplomacy::Action::Instance::TestProcess	1	bool	constant (true)	0x8801d0	3	Diplomacy_Action.h
Diplomacy::Action::SetAllied::IsValid	1	bool	constant (true)	0x8801d0	3	Diplomacy_Action_SetAllied.h
Diplomacy::Action::SetEmbassy::IsValid	1	bool	constant (true)	0x8801d0	3	Diplomacy_Action_SetEmbassy.h
Diplomacy::Action::SetPromise::IsValid	1	bool	constant (true)	0x8801d0	3	Diplomacy_Action_SetPromise.h
Diplomacy::Action::SetPromise::TestProcess	1	bool	constant (true)	0x8801d0	3	Diplomacy_Action_SetPromise.h
Diplomacy::Action::SetWarState::IsValid	1	bool	constant (true)	0x8801d0	3	Diplomacy_Action_SetWarState.h
Diplomacy::Action::StatementResult::IsValid	1	bool	constant (true)	0x8801d0	3	Diplomacy_Action_StatementResult.h
Diplomacy::Action::StatementResult::TestProcess	1	bool	constant (true)	0x8801d0	3	Diplomacy_Action_StatementResult.h
Diplomacy::Deal::Item::Agreements::HasPossibleAmounts	0	bool	constant (false)	0x852e70	3	Deal_Item_Agreements.h
Diplomacy::Deal::Item::Agreements::HasPossibleDurations	0	bool	constant (false)	0x852e70	3	Deal_Item_Agreements.h
Diplomacy::Deal::Item::Captive::GetValueCategory	0x9cadb110	Diplomacy::Deal::Item::Types	constant (0x9cadb110)	0x581b10	6	Deal_Item_Captive.h
Diplomacy::Deal::Item::Captive::HasPossibleAmounts	0	bool	constant (false)	0x852e70	3	Deal_Item_Captive.h
Diplomacy::Deal::Item::Captive::HasPossibleDurations	0	bool	constant (false)	0x852e70	3	Deal_Item_Captive.h
Diplomacy::Deal::Item::Captive::HasPossibleValues	1	bool	constant (true)	0x8801d0	3	Deal_Item_Captive.h
Diplomacy::Deal::Item::Captive::TranslateValueType	esi	uint	logic	0x58b250	3	Deal_Item_Captive.h
Diplomacy::Deal::Item::Cities::GetValueCategory	0xd384eeb7	Diplomacy::Deal::Item::Types	constant (0xd384eeb7)	0x582bd0	6	Deal_Item_Cities.h
Diplomacy::Deal::Item::Cities::HasPossibleAmounts	0	bool	constant (false)	0x852e70	3	Deal_Item_Cities.h
Diplomacy::Deal::Item::Cities::HasPossibleDurations	0	bool	constant (false)	0x852e70	3	Deal_Item_Cities.h
Diplomacy::Deal::Item::Cities::HasPossibleValues	1	bool	constant (true)	0x8801d0	3	Deal_Item_Cities.h
Diplomacy::Deal::Item::Cities::TranslateValueType	esi	uint	logic	0x58b250	3	Deal_Item_Cities.h
Diplomacy::Deal::Item::Favor::GetValueCategory	0x89431d84	Diplomacy::Deal::Item::Types	constant (0x89431d84)	0x583c00	6	Deal_Item_Favor.h
Diplomacy::Deal::Item::Favor::HasPossibleAmounts	1	bool	constant (true)	0x8801d0	3	Deal_Item_Favor.h
Diplomacy::Deal::Item::Favor::HasPossibleDurations	0	bool	constant (false)	0x852e70	3	Deal_Item_Favor.h
Diplomacy::Deal::Item::Favor::HasPossibleValues	0	bool	constant (false)	0x852e70	3	Deal_Item_Favor.h
Diplomacy::Deal::Item::Favor::TranslateValueType	esi	uint	logic	0x58b250	3	Deal_Item_Favor.h
Diplomacy::Deal::Item::Gold::GetValueCategory	0x5eb0df7	Diplomacy::Deal::Item::Types	constant (0x5eb0df7)	0x584370	6	Deal_Item_Gold.h
Diplomacy::Deal::Item::Gold::HasPossibleAmounts	1	bool	constant (true)	0x8801d0	3	Deal_Item_Gold.h
Diplomacy::Deal::Item::Gold::HasPossibleDurations	1	bool	constant (true)	0x8801d0	3	Deal_Item_Gold.h
Diplomacy::Deal::Item::Gold::HasPossibleValues	0	bool	constant (false)	0x852e70	3	Deal_Item_Gold.h
Diplomacy::Deal::Item::Gold::TranslateValueType	esi	uint	logic	0x58b250	3	Deal_Item_Gold.h
Diplomacy::Deal::Item::GreatWork::GetValueCategory	0x7b595c2d	Diplomacy::Deal::Item::Types	constant (0x7b595c2d)	0x584d80	6	Deal_Item_GreatWork.h
Diplomacy::Deal::Item::GreatWork::HasPossibleAmounts	1	bool	constant (true)	0x8801d0	3	Deal_Item_GreatWork.h
Diplomacy::Deal::Item::GreatWork::HasPossibleDurations	0	bool	constant (false)	0x852e70	3	Deal_Item_GreatWork.h
Diplomacy::Deal::Item::GreatWork::HasPossibleValues	0	bool	constant (false)	0x852e70	3	Deal_Item_GreatWork.h
Diplomacy::Deal::Item::GreatWork::TranslateValueType	esi	uint	logic	0x58b250	3	Deal_Item_GreatWork.h
Diplomacy::Deal::Item::Instance::GetAmount	0	int	constant (0)	0x478f10	3	Deal_Item_Instance.h
Diplomacy::Deal::Item::Instance::GetMaxAmount	0	int	constant (0)	0x478f10	3	Deal_Item_Instance.h
Diplomacy::Deal::Item::Instance::GetMinAmount	0	int	constant (0)	0x478f10	3	Deal_Item_Instance.h
Diplomacy::Deal::Item::Instance::GetValueCategory	0	Diplomacy::Deal::Item::Types	constant (0)	0x478f10	3	Deal_Item_Instance.h
Diplomacy::Deal::Item::Instance::IsBidirectional	0	bool	constant (false)	0x852e70	3	Deal_Item_Instance.h
Diplomacy::Deal::Item::Instance::IsMutuallyExclusiveWith	0	bool	constant (false)	0x852e70	3	Deal_Item_Instance.h
Diplomacy::Deal::Item::Instance::ValidateAssociated	1	bool	constant (true)	0x8801d0	3	Deal_Item_Instance.h
Diplomacy::Deal::Item::Instance::ValidateAssociated	1	bool	logic	0x5864b0	134	Deal_Item_Instance.h
Diplomacy::Deal::Item::Resources::GetValueCategory	0xc03f9783	Diplomacy::Deal::Item::Types	constant (0xc03f9783)	0x586f70	6	Deal_Item_Resources.h
Diplomacy::Deal::Item::Resources::HasPossibleAmounts	1	bool	constant (true)	0x8801d0	3	Deal_Item_Resources.h
Diplomacy::Deal::Item::Resources::HasPossibleDurations	0	bool	constant (false)	0x852e70	3	Deal_Item_Resources.h
Diplomacy::Deal::Item::Resources::HasPossibleValues	0	bool	constant (false)	0x852e70	3	Deal_Item_Resources.h
Diplomacy::Statement::DeclareWar::ActionRequiresResponse	0	bool	constant (false)	0x852e70	3	Diplomacy_Statement_DeclareWar.h
Diplomacy::Statement::DeclareWar::GetActionType	0x44001a67	Diplomacy::Action::Types::Type	constant (0x44001a67)	0x18b180	6	Diplomacy_Statement_DeclareWar.h
Diplomacy::Statement::DeclareWar::IsValid	1	bool	constant (true)	0x8801d0	3	Diplomacy_Statement_DeclareWar.h
Diplomacy::Statement::Defeat::ActionRequiresResponse	0	bool	constant (false)	0x852e70	3	Diplomacy_Statement_Defeat.h
Diplomacy::Statement::Defeat::GetActionType	0xffffffff	Diplomacy::Action::Types::Type	constant (-1)	0x1febf0	4	Diplomacy_Statement_Defeat.h
Diplomacy::Statement::Defeat::IsValid	1	bool	constant (true)	0x8801d0	3	Diplomacy_Statement_Defeat.h
Diplomacy::Statement::Denounce::ActionRequiresResponse	0	bool	constant (false)	0x852e70	3	Diplomacy_Statement_Denounce.h
Diplomacy::Statement::Denounce::GetActionType	0x95fde458	Diplomacy::Action::Types::Type	constant (0x95fde458)	0x18b8a0	6	Diplomacy_Statement_Denounce.h
Diplomacy::Statement::Denounce::IsValid	1	bool	constant (true)	0x8801d0	3	Diplomacy_Statement_Denounce.h
Diplomacy::Statement::FirstMeeting::ActionRequiresResponse	0	bool	constant (false)	0x852e70	3	Diplomacy_Statement_FirstMeeting.h
Diplomacy::Statement::FirstMeeting::GetActionType	0xffffffff	Diplomacy::Action::Types::Type	constant (-1)	0x1febf0	4	Diplomacy_Statement_FirstMeeting.h
Diplomacy::Statement::FirstMeeting::IsValid	1	bool	constant (true)	0x8801d0	3	Diplomacy_Statement_FirstMeeting.h
Diplomacy::Statement::Greeting::ActionRequiresResponse	0	bool	constant (false)	0x852e70	3	Diplomacy_Statement_Greeting.h
Diplomacy::Statement::Greeting::GetActionType	0xffffffff	Diplomacy::Action::Types::Type	constant (-1)	0x1febf0	4	Diplomacy_Statement_Greeting.h
Diplomacy::Statement::Greeting::GetNotificationText	0	bool	constant (false)	0x852e70	3	Diplomacy_Statement_Greeting.h
Diplomacy::Statement::Greeting::IsValid	1	bool	constant (true)	0x8801d0	3	Diplomacy_Statement_Greeting.h
Diplomacy::Statement::MakeDeal::GetActionType	0x84e9dc8a	Diplomacy::Action::Types::Type	constant (0x84e9dc8a)	0x18c6c0	6	Diplomacy_Statement_MakeDeal.h
Diplomacy::Statement::MakeDeal::IsValid	1	bool	constant (true)	0x8801d0	3	Diplomacy_Statement_MakeDeal.h
Diplomacy::Statement::Response::ActionRequiresResponse	0	bool	constant (false)	0x852e70	3	Diplomacy_Statement_Response.h
Diplomacy::Statement::Response::GetActionType	0xffffffff	Diplomacy::Action::Types::Type	constant (-1)	0x1febf0	4	Diplomacy_Statement_Response.h
Diplomacy::Statement::Response::GetNotificationText	0	bool	constant (false)	0x852e70	3	Diplomacy_Statement_Response.h
Diplomacy::Statement::Response::IsValid	1	bool	constant (true)	0x8801d0	3	Diplomacy_Statement_Response.h
Diplomacy::Statement::Warning::ActionRequiresResponse	0	bool	constant (false)	0x852e70	3	Diplomacy_Statement_Warning.h
Diplomacy::Statement::Warning::IsValid	1	bool	constant (true)	0x8801d0	3	Diplomacy_Statement_Warning.h
Exports::Context::GetMaxPlayers	0x40	int	constant (0x40)	0x58f570	6	Export_Context.h
Exports::Definitions::GetDefinition	0	Interfaces::IFeatureDefinition1*	constant (0)	0x478f10	3	Export_Definitions.h
Exports::Definitions::GetDefinition	0	Interfaces::IFeatureDefinition1*	logic	0x590bfc	9	Export_Definitions.h
Exports::Game::EditComponent	0	Interfaces::ICvUnknown*	constant (0)	0x478f10	3	Export_Game.h
Exports::GameGreatPeople::GetTimelineSize	0	uint	constant (0)	0x478f10	3	Export_GameGreatPeople.h
Exports::GameReligion::GetReligionsSize	0	uint	constant (0)	0x478f10	3	Export_GameReligion.h
Exports::GameReligion::HasBeenFounded	0	bool	constant (false)	0x852e70	3	Export_GameReligion.h
Exports::GameReligion::HasBeliefEachType	0	bool	constant (false)	0x852e70	3	Export_GameReligion.h
Exports::GameReligion::IsInSomePantheon	0	bool	constant (false)	0x852e70	3	Export_GameReligion.h
Exports::GameReligion::IsInSomeReligion	0	bool	constant (false)	0x852e70	3	Export_GameReligion.h
Exports::GameReligion::IsNewTypeForReligion	0	bool	constant (false)	0x852e70	3	Export_GameReligion.h
Exports::GameReligion::IsTooManyForReligion	0	bool	constant (false)	0x852e70	3	Export_GameReligion.h
Exports::Unit::GetCulture	0xffffffff	CultureTypes	constant (-1)	0x1febf0	4	Export_Unit.h
Exports::Unit::GetGender	0xffffffff	GenderTypes	constant (-1)	0x1febf0	4	Export_Unit.h
Formation::Movement::BreadthFirstPathDest	0	int	constant (0)	0x478f10	3	Formation_Movement.h
Formation::Movement::BreadthFirstPathHeuristic	0	int	no windows symbol			Formation_Movement.h
Formation::Movement::ConsumesAllMoves	0	bool	no windows symbol			Formation_Movement.h
Formation::Movement::CostsOnlyOne	0	bool	no windows symbol			Formation_Movement.h
Game::Component::IInstance::InitializeVisualState	1	bool	constant (true)	0x8801d0	3	Game_Component.h
Game::Component::IInstance::RestoreVisualState	1	bool	constant (true)	0x8801d0	3	Game_Component.h
Game::Eras::GetThresholdShiftFromGovernment	0	int	no windows symbol			Game_Eras.h
Game::HeroesManager::IsHeroUnitSpawnAtHolySite	0	bool	constant (false)	0x852e70	3	Game_HeroesManager.h
Game::NameManager::CanUseUnusedCivilizationCityNames	1	bool	no windows symbol			Game_NameManager.h
GameEffects::Collections::AllArtifactExtractions::GetItems	1	bool	no windows symbol			GameEffects_Collections_AllArtifactExtractions.h
GameEffects::Collections::AllCapturedCities::GetItems	0	bool	no windows symbol			GameEffects_Collections_AllCapturedCities.h
GameEffects::Collections::AllCapturedCities::IsStreamingCollection	1	bool	no windows symbol			GameEffects_Collections_AllCapturedCities.h
GameEffects::Collections::AllianceTrainedUnits::GetItems	0	bool	no windows symbol			GameEffects_Collections_AllianceTrainedUnits.h
GameEffects::Collections::AllianceTrainedUnits::IsStreamingCollection	1	bool	no windows symbol			GameEffects_Collections_AllianceTrainedUnits.h
GameEffects::Collections::CityTrainedUnits::GetItems	0	bool	no windows symbol			GameEffects_Collections_CityTrainedUnits.h
GameEffects::Collections::CityTrainedUnits::IsStreamingCollection	1	bool	no windows symbol			GameEffects_Collections_CityTrainedUnits.h
GameEffects::Collections::CombatResults::GetItems	0	bool	no windows symbol			GameEffects_Collections_CombatResults.h
GameEffects::Collections::CombatResults::IsStreamingCollection	1	bool	no windows symbol			GameEffects_Collections_CombatResults.h
GameEffects::Collections::PlayerBuiltCities::GetItems	0	bool	no windows symbol			GameEffects_Collections_PlayerBuiltCities.h
GameEffects::Collections::PlayerBuiltCities::IsStreamingCollection	1	bool	no windows symbol			GameEffects_Collections_PlayerBuiltCities.h
GameEffects::Collections::PlayerCapturedCities::GetItems	0	bool	no windows symbol			GameEffects_Collections_PlayerCapturedCities.h
GameEffects::Collections::PlayerCapturedCities::IsStreamingCollection	1	bool	no windows symbol			GameEffects_Collections_PlayerCapturedCities.h
GameEffects::Collections::PlayerTrainedUnits::GetItems	0	bool	no windows symbol			GameEffects_Collections_PlayerTrainedUnits.h
GameEffects::Collections::PlayerTrainedUnits::IsStreamingCollection	1	bool	no windows symbol			GameEffects_Collections_PlayerTrainedUnits.h
GameEffects::Collections::PlayerUnitCombatResults::GetItems	0	bool	no windows symbol			GameEffects_Collections_PlayerUnitCombatResults.h
GameEffects::Collections::PlayerUnitCombatResults::IsStreamingCollection	1	bool	no windows symbol			GameEffects_Collections_PlayerUnitCombatResults.h
GameEffects::Collections::SimpleCollection::GetMetaDataValue	0	bool	no windows symbol			GameEffects_Collections_SimpleCollection.h
GameEffects::Collections::SimpleCollection::IsStreamingCollection	0	bool	no windows symbol			GameEffects_Collections_SimpleCollection.h
GameEffects::Collections::SimpleCollection::OnInitialize	1	bool	no windows symbol			GameEffects_Collections_SimpleCollection.h
GameEffects::Collections::TeamCapturedCities::GetItems	0	bool	no windows symbol			GameEffects_Collections_TeamCapturedCities.h
GameEffects::Collections::TeamCapturedCities::IsStreamingCollection	1	bool	no windows symbol			GameEffects_Collections_TeamCapturedCities.h
GameEffects::Effects::ActivateVolcanoes::Remove	0	bool	no windows symbol			GameEffects_Effects_ActivateVolcanoes.h
GameEffects::Effects::AddBelief::Remove	0	bool	no windows symbol			GameEffects_Effects_AddBelief.h
GameEffects::Effects::AddBelief::SupportsRemove	0	bool	no windows symbol			GameEffects_Effects_AddBelief.h
GameEffects::Effects::AddCultureBombTrigger::Remove	0	bool	no windows symbol			GameEffects_Effects_AddCultureBombTrigger.h
GameEffects::Effects::AddCultureBombTrigger::SupportsRemove	0	bool	no windows symbol			GameEffects_Effects_AddCultureBombTrigger.h
GameEffects::Effects::AddDiploActionOverride::Remove	0	bool	no windows symbol			GameEffects_Effects_AddDiploActionOverride.h
GameEffects::Effects::AddDiploActionOverride::SupportsRemove	0	bool	no windows symbol			GameEffects_Effects_AddDiploActionOverride.h
GameEffects::Effects::AddDiploCombatModifier::Remove	0	bool	no windows symbol			GameEffects_Effects_AddDiploCombatModifier.h
GameEffects::Effects::AddDiploCombatModifier::SupportsRemove	0	bool	no windows symbol			GameEffects_Effects_AddDiploCombatModifier.h
GameEffects::Effects::AddDiploMovementModifier::Remove	0	bool	no windows symbol			GameEffects_Effects_AddDiploMovementModifier.h
GameEffects::Effects::AddDiploMovementModifier::SupportsRemove	0	bool	no windows symbol			GameEffects_Effects_AddDiploMovementModifier.h
GameEffects::Effects::AddDiploVisibility::Remove	0	bool	no windows symbol			GameEffects_Effects_AddDiploVisibility.h
GameEffects::Effects::AddDiploVisibility::SupportsRemove	0	bool	no windows symbol			GameEffects_Effects_AddDiploVisibility.h
GameEffects::Effects::AddDiploYieldModifier::SupportsRemove	1	bool	no windows symbol			GameEffects_Effects_AddDiploYieldModifier.h
GameEffects::Effects::AddFavor::Remove	0	bool	no windows symbol			GameEffects_Effects_AddFavor.h
GameEffects::Effects::AddFavor::SupportsRemove	0	bool	no windows symbol			GameEffects_Effects_AddFavor.h
GameEffects::Effects::AddPlayerBeliefYield::Remove	0	bool	no windows symbol			GameEffects_Effects_AddPlayerBeliefYield.h
GameEffects::Effects::AddPlayerBeliefYield::SupportsRemove	0	bool	no windows symbol			GameEffects_Effects_AddPlayerBeliefYield.h
GameEffects::Effects::AddPlayerProjectAvailability::SupportsRemove	1	bool	no windows symbol			GameEffects_Effects_AddPlayerProjectAvailability.h
GameEffects::Effects::AddReligiousBeliefYield::Remove	0	bool	no windows symbol			GameEffects_Effects_AddReligiousBeliefYield.h
GameEffects::Effects::AddReligiousBeliefYield::SupportsRemove	0	bool	no windows symbol			GameEffects_Effects_AddReligiousBeliefYield.h
GameEffects::Effects::AddReligiousBuilding::Remove	0	bool	no windows symbol			GameEffects_Effects_AddReligiousBuilding.h
GameEffects::Effects::AddReligiousBuilding::SupportsRemove	0	bool	no windows symbol			GameEffects_Effects_AddReligiousBuilding.h
GameEffects::Effects::AddReligiousBuildingMultiplier::Remove	0	bool	no windows symbol			GameEffects_Effects_AddReligiousBuildingMultiplier.h
GameEffects::Effects::AddReligiousBuildingMultiplier::SupportsRemove	0	bool	no windows symbol			GameEffects_Effects_AddReligiousBuildingMultiplier.h
GameEffects::Effects::AddReligiousUnit::Remove	0	bool	no windows symbol			GameEffects_Effects_AddReligiousUnit.h
GameEffects::Effects::AddReligiousUnit::SupportsRemove	0	bool	no windows symbol			GameEffects_Effects_AddReligiousUnit.h
GameEffects::Effects::AddSequesteredCarbon::Remove	0	bool	no windows symbol			GameEffects_Effects_AddSequesteredCarbon.h
GameEffects::Effects::AddUpgradeMilitaryFormationOnCityConquest::Initialize	1	bool	no windows symbol			GameEffects_Effects_AddUpgradeMilitaryFormationOnCityConquest.h
GameEffects::Effects::AdjustAccumulatingBonus::Apply	1	bool	no windows symbol			GameEffects_Effects_AdjustAccumulatingBonus.h
GameEffects::Effects::AdjustAccumulatingBonus::Remove	1	bool	no windows symbol			GameEffects_Effects_AdjustAccumulatingBonus.h
GameEffects::Effects::AdjustBlockEntryUnitType::SupportsRemove	1	bool	no windows symbol			GameEffects_Effects_AdjustBlockEntryUnitType.h
GameEffects::Effects::AdjustBonusRate::Apply	1	bool	no windows symbol			GameEffects_Effects_AdjustBonusRate.h
GameEffects::Effects::AdjustBonusRate::Remove	1	bool	no windows symbol			GameEffects_Effects_AdjustBonusRate.h
GameEffects::Effects::AdjustCityEntertainment::SupportsRemove	0	bool	no windows symbol			GameEffects_Effects_AdjustCityEntertainment.h
GameEffects::Effects::AdjustCityEntertainmentFromWonderAdjacentNextToLake::Remove	0	bool	no windows symbol			GameEffects_Effects_AdjustCityEntertainmentFromWonderAdjacentNextToLake.h
GameEffects::Effects::AdjustCityEntertainmentFromWonderAdjacentNextToLake::SupportsRemove	0	bool	no windows symbol			GameEffects_Effects_AdjustCityEntertainmentFromWonderAdjacentNextToLake.h
GameEffects::Effects::AdjustCityIdentityPerTurn::SupportsRemove	1	bool	no windows symbol			GameEffects_Effects_AdjustCityIdentityPerTurn.h
GameEffects::Effects::AdjustCityPreventBypassOuterDefenses::Initialize	1	bool	no windows symbol			GameEffects_Effects_AdjustCityPreventBypassOuterDefenses.h
GameEffects::Effects::AdjustCityPreventMeleeAttackOuterDefenses::Initialize	1	bool	no windows symbol			GameEffects_Effects_AdjustCityPreventMeleeAttackOuterDefenses.h
GameEffects::Effects::AdjustCityReligionOnCapture::Remove	0	bool	no windows symbol			GameEffects_Effects_AdjustCityReligionOnCapture.h
GameEffects::Effects::AdjustCityReligionOnCapture::SupportsRemove	0	bool	no windows symbol			GameEffects_Effects_AdjustCityReligionOnCapture.h
GameEffects::Effects::AdjustCivicBoost::GetMetaDataValue	0	bool	no windows symbol			GameEffects_Effects_AdjustCivicBoost.h
GameEffects::Effects::AdjustCivicBoost::SupportsRemove	1	bool	no windows symbol			GameEffects_Effects_AdjustCivicBoost.h
GameEffects::Effects::AdjustCorpsArmyPrereq::Remove	0	bool	no windows symbol			GameEffects_Effects_AdjustCorpsArmyPrereq.h
GameEffects::Effects::AdjustCorpsArmyPrereq::SupportsRemove	0	bool	no windows symbol			GameEffects_Effects_AdjustCorpsArmyPrereq.h
GameEffects::Effects::AdjustDisableHealing::SupportsRemove	1	bool	no windows symbol			GameEffects_Effects_AdjustDisableHealing.h
GameEffects::Effects::AdjustDisableInfluence::SupportsRemove	1	bool	no windows symbol			GameEffects_Effects_AdjustDisableInfluence.h
GameEffects::Effects::AdjustDisablePatronage::SupportsRemove	1	bool	no windows symbol			GameEffects_Effects_AdjustDisablePatronage.h
GameEffects::Effects::AdjustDisableSettling::SupportsRemove	1	bool	no windows symbol			GameEffects_Effects_AdjustDisableSettling.h
GameEffects::Effects::AdjustDistrictAddNavalUnit::SupportsRemove	1	bool	no windows symbol			GameEffects_Effects_AdjustDistrictAddNavalUnit.h
GameEffects::Effects::AdjustDistrictPrereq::Remove	0	bool	no windows symbol			GameEffects_Effects_AdjustDistrictPrereq.h
GameEffects::Effects::AdjustDistrictPrereq::SupportsRemove	0	bool	no windows symbol			GameEffects_Effects_AdjustDistrictPrereq.h
GameEffects::Effects::AdjustExtraGreatWorkSlots::Remove	0	bool	no windows symbol			GameEffects_Effects_AdjustExtraGreatWorkSlots.h
GameEffects::Effects::AdjustExtraGreatWorkSlots::SupportsRemove	0	bool	no windows symbol			GameEffects_Effects_AdjustExtraGreatWorkSlots.h
GameEffects::Effects::AdjustExtraUnitCopy::GetMetaDataValue	0	bool	no windows symbol			GameEffects_Effects_AdjustExtraUnitCopy.h
GameEffects::Effects::AdjustExtraUnitCopy::SupportsRemove	1	bool	no windows symbol			GameEffects_Effects_AdjustExtraUnitCopy.h
GameEffects::Effects::AdjustExtraUnitCopyTag::GetMetaDataValue	0	bool	no windows symbol			GameEffects_Effects_AdjustExtraUnitCopyTag.h
GameEffects::Effects::AdjustExtraUnitCopyTag::SupportsRemove	1	bool	no windows symbol			GameEffects_Effects_AdjustExtraUnitCopyTag.h
GameEffects::Effects::AdjustFeaturePrereq::Remove	0	bool	no windows symbol			GameEffects_Effects_AdjustFeaturePrereq.h
GameEffects::Effects::AdjustFeaturePrereq::SupportsRemove	0	bool	no windows symbol			GameEffects_Effects_AdjustFeaturePrereq.h
GameEffects::Effects::AdjustForbidLandRoute::SupportsRemove	1	bool	no windows symbol			GameEffects_Effects_AdjustForbidLandRoute.h
GameEffects::Effects::AdjustFreeCivicBoostFirstTradingPostEachCiv::SupportsRemove	1	bool	no windows symbol			GameEffects_Effects_AdjustFreeCivicBoostFirstTradingPostEachCiv.h
GameEffects::Effects::AdjustFreeCivicBoostWonderEra::SupportsRemove	1	bool	no windows symbol			GameEffects_Effects_AdjustFreeCivicBoostWonderEra.h
GameEffects::Effects::AdjustFreeTechBoostFirstTradingPostEachCiv::SupportsRemove	1	bool	no windows symbol			GameEffects_Effects_AdjustFreeTechBoostFirstTradingPostEachCiv.h
GameEffects::Effects::AdjustFreeTechBoostWonderEra::SupportsRemove	1	bool	no windows symbol			GameEffects_Effects_AdjustFreeTechBoostWonderEra.h
GameEffects::Effects::AdjustGameRealismSetting::Remove	0	bool	no windows symbol			GameEffects_Effects_AdjustGameRealismSetting.h
GameEffects::Effects::AdjustGlobalWMDStockpile::Remove	0	bool	no windows symbol			GameEffects_Effects_AdjustGlobalWMDStockpile.h
GameEffects::Effects::AdjustGreatPersonGuarantee::Remove	0	bool	no windows symbol			GameEffects_Effects_AdjustGreatPersonGuarantee.h
GameEffects::Effects::AdjustGreatPersonGuarantee::SupportsRemove	0	bool	no windows symbol			GameEffects_Effects_AdjustGreatPersonGuarantee.h
GameEffects::Effects::AdjustGrievanceDecay::SupportsRemove	1	bool	no windows symbol			GameEffects_Effects_AdjustGrievanceDecay.h
GameEffects::Effects::AdjustGrievanceGeneration::SupportsRemove	1	bool	no windows symbol			GameEffects_Effects_AdjustGrievanceGeneration.h
GameEffects::Effects::AdjustInquisitionStartCharges::SupportsRemove	1	bool	no windows symbol			GameEffects_Effects_AdjustInquisitionStartCharges.h
GameEffects::Effects::AdjustModifiedFreePowerInCity::SupportsRemove	1	bool	no windows symbol			GameEffects_Effects_AdjustModifiedFreePowerInCity.h
GameEffects::Effects::AdjustMostAdvancedStrategicResourceCount::Remove	0	bool	no windows symbol			GameEffects_Effects_AdjustMostAdvancedStrategicResourceCount.h
GameEffects::Effects::AdjustMostAdvancedStrategicResourceCount::SupportsRemove	0	bool	no windows symbol			GameEffects_Effects_AdjustMostAdvancedStrategicResourceCount.h
GameEffects::Effects::AdjustMultiplyTreasury::Remove	0	bool	no windows symbol			GameEffects_Effects_AdjustMultiplyTreasury.h
GameEffects::Effects::AdjustMultiplyTreasury::SupportsRemove	0	bool	no windows symbol			GameEffects_Effects_AdjustMultiplyTreasury.h
GameEffects::Effects::AdjustNaturalWonderAmenity::SupportsRemove	1	bool	no windows symbol			GameEffects_Effects_AdjustNaturalWonderAmenity.h
GameEffects::Effects::AdjustPlayerAddChopYield::SupportsRemove	1	bool	no windows symbol			GameEffects_Effects_AdjustPlayerAddChopYield.h
GameEffects::Effects::AdjustPlayerAllianceFavorMultiplier::SupportsRemove	1	bool	no windows symbol			GameEffects_Effects_AdjustPlayerAllianceFavorMultiplier.h
GameEffects::Effects::AdjustPlayerAlwaysLoyalCoastalHomeContinent::Initialize	1	bool	no windows symbol			GameEffects_Effects_AdjustPlayerAlwaysLoyalCoastalHomeContinent.h
GameEffects::Effects::AdjustPlayerBanChop::SupportsRemove	1	bool	no windows symbol			GameEffects_Effects_AdjustPlayerBanChop.h
GameEffects::Effects::AdjustPlayerBanPolicy::SupportsRemove	1	bool	no windows symbol			GameEffects_Effects_AdjustPlayerBanPolicy.h
GameEffects::Effects::AdjustPlayerBanUnitProductionYield::SupportsRemove	1	bool	no windows symbol			GameEffects_Effects_AdjustPlayerBanUnitProductionYield.h
GameEffects::Effects::AdjustPlayerBidCostModifier::SupportsRemove	1	bool	no windows symbol			GameEffects_Effects_AdjustPlayerBidCostModifier.h
GameEffects::Effects::AdjustPlayerBuffUnitProductionYield::SupportsRemove	1	bool	no windows symbol			GameEffects_Effects_AdjustPlayerBuffUnitProductionYield.h
GameEffects::Effects::AdjustPlayerBuildingFavor::SupportsRemove	1	bool	no windows symbol			GameEffects_Effects_AdjustPlayerBuildingFavor.h
GameEffects::Effects::AdjustPlayerDiplomaticVP::Remove	0	bool	no windows symbol			GameEffects_Effects_AdjustPlayerDiplomaticVP.h
GameEffects::Effects::AdjustPlayerEmergencyFavorModifier::SupportsRemove	1	bool	no windows symbol			GameEffects_Effects_AdjustPlayerEmergencyFavorModifier.h
GameEffects::Effects::AdjustPlayerExtraFavorPerTurn::SupportsRemove	1	bool	no windows symbol			GameEffects_Effects_AdjustPlayerExtraFavorPerTurn.h
GameEffects::Effects::AdjustPlayerFavorRefundForSuccessfulResolution::SupportsRemove	1	bool	no windows symbol			GameEffects_Effects_AdjustPlayerFavorRefundForSuccessfulResolution.h
GameEffects::Effects::AdjustPlayerGreatPersonFavorModifier::SupportsRemove	1	bool	no windows symbol			GameEffects_Effects_AdjustPlayerGreatPersonFavorModifier.h
GameEffects::Effects::AdjustPlayerPolicyFavor::SupportsRemove	1	bool	no windows symbol			GameEffects_Effects_AdjustPlayerPolicyFavor.h
GameEffects::Effects::AdjustPlayerRandomCivicBoostGoodyHut::Remove	0	bool	no windows symbol			GameEffects_Effects_AdjustPlayerRandomCivicBoostGoodyHut.h
GameEffects::Effects::AdjustPlayerRandomCivicBoostGoodyHut::SupportsRemove	0	bool	no windows symbol			GameEffects_Effects_AdjustPlayerRandomCivicBoostGoodyHut.h
GameEffects::Effects::AdjustPlayerRandomTechnologyBoostGoodyHut::Remove	0	bool	no windows symbol			GameEffects_Effects_AdjustPlayerRandomTechnologyBoostGoodyHut.h
GameEffects::Effects::AdjustPlayerRandomTechnologyBoostGoodyHut::SupportsRemove	0	bool	no windows symbol			GameEffects_Effects_AdjustPlayerRandomTechnologyBoostGoodyHut.h
GameEffects::Effects::AdjustPlayerSendInfluenceTokenFavorByBonusType::SupportsRemove	1	bool	no windows symbol			GameEffects_Effects_AdjustPlayerSendInfluenceTokenFavorByBonusType.h
GameEffects::Effects::AdjustPlayerSendTradeRouteFavorByBonusType::SupportsRemove	1	bool	no windows symbol			GameEffects_Effects_AdjustPlayerSendTradeRouteFavorByBonusType.h
GameEffects::Effects::AdjustPlayerStrengthModifier::GetMetaDataValue	0	bool	no windows symbol			GameEffects_Effects_AdjustPlayerStrengthModifier.h
GameEffects::Effects::AdjustPlayerStrengthModifier::SupportsRemove	1	bool	no windows symbol			GameEffects_Effects_AdjustPlayerStrengthModifier.h
GameEffects::Effects::AdjustPlayerSuzerainBonusDisabled::Initialize	1	bool	no windows symbol			GameEffects_Effects_AdjustPlayerSuzerainBonusDisabled.h
GameEffects::Effects::AdjustPlayerSuzerainBonusDisabled::SupportsRemove	1	bool	no windows symbol			GameEffects_Effects_AdjustPlayerSuzerainBonusDisabled.h
GameEffects::Effects::AdjustPlayerSuzerainFavorByBonusType::SupportsRemove	1	bool	no windows symbol			GameEffects_Effects_AdjustPlayerSuzerainFavorByBonusType.h
GameEffects::Effects::AdjustPlayerSuzerainFavorMultiplier::SupportsRemove	1	bool	no windows symbol			GameEffects_Effects_AdjustPlayerSuzerainFavorMultiplier.h
GameEffects::Effects::AdjustPlayerTourismFavor::SupportsRemove	1	bool	no windows symbol			GameEffects_Effects_AdjustPlayerTourismFavor.h
GameEffects::Effects::AdjustPlayerTradeRouteByBonusTypeModifier::SupportsRemove	1	bool	no windows symbol			GameEffects_Effects_AdjustPlayerTradeRouteByBonusTypeModifier.h
GameEffects::Effects::AdjustPlayerWMDCount::Remove	0	bool	no windows symbol			GameEffects_Effects_AdjustPlayerWMDCount.h
GameEffects::Effects::AdjustPlayerWMDCount::SupportsRemove	0	bool	no windows symbol			GameEffects_Effects_AdjustPlayerWMDCount.h
GameEffects::Effects::AdjustPlayerWarmongerMultiplier::Remove	0	bool	no windows symbol			GameEffects_Effects_AdjustPlayerWarmongerMultiplier.h
GameEffects::Effects::AdjustPlayerWarmongerMultiplier::SupportsRemove	0	bool	no windows symbol			GameEffects_Effects_AdjustPlayerWarmongerMultiplier.h
GameEffects::Effects::AdjustPopulationFromPlot::Remove	0	bool	no windows symbol			GameEffects_Effects_AdjustPopulationFromPlot.h
GameEffects::Effects::AdjustPopulationFromPlot::SupportsRemove	0	bool	no windows symbol			GameEffects_Effects_AdjustPopulationFromPlot.h
GameEffects::Effects::AdjustReligionAwardsEnvoy::Remove	0	bool	no windows symbol			GameEffects_Effects_AdjustReligionAwardsEnvoy.h
GameEffects::Effects::AdjustReligionAwardsEnvoyReligiousPressure::Remove	0	bool	no windows symbol			GameEffects_Effects_AdjustReligionAwardsEnvoyReligiousPressure.h
GameEffects::Effects::AdjustReligionEnableAutoSpread::Remove	0	bool	no windows symbol			GameEffects_Effects_AdjustReligionEnableAutoSpread.h
GameEffects::Effects::AdjustReligiousCombatLoss::SupportsRemove	0	bool	no windows symbol			GameEffects_Effects_AdjustReligiousCombatLoss.h
GameEffects::Effects::AdjustReligiousSpreadDistance::SupportsRemove	0	bool	no windows symbol			GameEffects_Effects_AdjustReligiousSpreadDistance.h
GameEffects::Effects::AdjustSettledForeignContinentUnitClass::SupportsRemove	1	bool	no windows symbol			GameEffects_Effects_AdjustSettledForeignContinentUnitClass.h
GameEffects::Effects::AdjustTechnologyBoost::GetMetaDataValue	0	bool	no windows symbol			GameEffects_Effects_AdjustTechnologyBoost.h
GameEffects::Effects::AdjustTechnologyBoost::SupportsRemove	1	bool	no windows symbol			GameEffects_Effects_AdjustTechnologyBoost.h
GameEffects::Effects::AdjustTradeRouteCapacityOnMeeting::SupportsRemove	1	bool	no windows symbol			GameEffects_Effects_AdjustTradeRouteCapacityOnMeeting.h
GameEffects::Effects::AdjustTradeRouteWaterRange::Remove	0	bool	no windows symbol			GameEffects_Effects_AdjustTradeRouteWaterRange.h
GameEffects::Effects::AdjustTradeRouteWaterRange::SupportsRemove	0	bool	no windows symbol			GameEffects_Effects_AdjustTradeRouteWaterRange.h
GameEffects::Effects::AdjustUnitEraStrengthModifier::SupportsRemove	1	bool	no windows symbol			GameEffects_Effects_AdjustUnitEraStrengthModifier.h
GameEffects::Effects::AdjustUnitExperienceLevel::Remove	0	bool	no windows symbol			GameEffects_Effects_AdjustUnitExperienceLevel.h
GameEffects::Effects::AdjustUnitExperienceLevel::SupportsRemove	0	bool	no windows symbol			GameEffects_Effects_AdjustUnitExperienceLevel.h
GameEffects::Effects::AdjustUnitGrantExperience::Remove	0	bool	no windows symbol			GameEffects_Effects_AdjustUnitGrantExperience.h
GameEffects::Effects::AdjustUnitGrantExperience::SupportsRemove	0	bool	no windows symbol			GameEffects_Effects_AdjustUnitGrantExperience.h
GameEffects::Effects::AdjustUnitHeal::Remove	0	bool	no windows symbol			GameEffects_Effects_AdjustUnitHeal.h
GameEffects::Effects::AdjustUnitHeal::SupportsRemove	0	bool	no windows symbol			GameEffects_Effects_AdjustUnitHeal.h
GameEffects::Effects::AdjustUnitMilitaryFormation::Remove	0	bool	no windows symbol			GameEffects_Effects_AdjustUnitMilitaryFormation.h
GameEffects::Effects::AdjustUnitMilitaryFormation::SupportsRemove	0	bool	no windows symbol			GameEffects_Effects_AdjustUnitMilitaryFormation.h
GameEffects::Effects::AdjustUnitOwner::Remove	0	bool	no windows symbol			GameEffects_Effects_AdjustUnitOwner.h
GameEffects::Effects::AdjustUnitOwner::SupportsRemove	0	bool	no windows symbol			GameEffects_Effects_AdjustUnitOwner.h
GameEffects::Effects::AdjustUnitPostCombatYield::GetMetaDataValue	0	bool	no windows symbol			GameEffects_Effects_AdjustUnitPostCombatYield.h
GameEffects::Effects::AdjustUnitPostCombatYield::Remove	0	bool	no windows symbol			GameEffects_Effects_AdjustUnitPostCombatYield.h
GameEffects::Effects::AdjustUnitPostCombatYield::SupportsRemove	1	bool	no windows symbol			GameEffects_Effects_AdjustUnitPostCombatYield.h
GameEffects::Effects::AdjustUnitProduction::GetMetaDataValue	0	bool	no windows symbol			GameEffects_Effects_AdjustUnitProduction.h
GameEffects::Effects::AdjustUnitProduction::SupportsRemove	1	bool	no windows symbol			GameEffects_Effects_AdjustUnitProduction.h
GameEffects::Effects::AdjustUnitPromoteNoFinishMoves::SupportsRemove	1	bool	no windows symbol			GameEffects_Effects_AdjustUnitPromoteNoFinishMoves.h
GameEffects::Effects::AdjustUnitUpgradeGoodyHut::Remove	0	bool	no windows symbol			GameEffects_Effects_AdjustUnitUpgradeGoodyHut.h
GameEffects::Effects::AdjustUnitUpgradeGoodyHut::SupportsRemove	0	bool	no windows symbol			GameEffects_Effects_AdjustUnitUpgradeGoodyHut.h
GameEffects::Effects::AttachModifierEffect::SupportsRemove	1	bool	no windows symbol			GameEffects_Effects_AttachModifier.h
GameEffects::Effects::AttachModifierPlotUnitsEffect::Remove	0	bool	no windows symbol			GameEffects_Effects_AttachModifiertoPlotUnits.h
GameEffects::Effects::AttachModifierPlotUnitsEffect::SupportsRemove	0	bool	no windows symbol			GameEffects_Effects_AttachModifiertoPlotUnits.h
GameEffects::Effects::AttachModifierToAdjacentPlotUnits::Remove	0	bool	no windows symbol			GameEffects_Effects_AttachModifiertoAdjacentPlotUnits.h
GameEffects::Effects::AttachModifierToAdjacentPlotUnits::SupportsRemove	0	bool	no windows symbol			GameEffects_Effects_AttachModifiertoAdjacentPlotUnits.h
GameEffects::Effects::BaseEffect::GetMetaDataValue	0	bool	no windows symbol			GameEffects_Effects_BaseEffect.h
GameEffects::Effects::BaseEffect::Initialize	1	bool	no windows symbol			GameEffects_Effects_BaseEffect.h
GameEffects::Effects::BaseEffect::Remove	0	bool	no windows symbol			GameEffects_Effects_BaseEffect.h
GameEffects::Effects::BaseEffect::SupportsRemove	1	bool	no windows symbol			GameEffects_Effects_BaseEffect.h
GameEffects::Effects::BecomeCitySuzerain::Remove	0	bool	no windows symbol			GameEffects_Effects_BecomeCitySuzerain.h
GameEffects::Effects::BecomeCitySuzerain::SupportsRemove	0	bool	no windows symbol			GameEffects_Effects_BecomeCitySuzerain.h
GameEffects::Effects::BeliefEffect::Remove	0	bool	no windows symbol			GameEffects_Effects_BeliefEffect.h
GameEffects::Effects::CityEffect::Remove	0	bool	no windows symbol			GameEffects_Effects_CityEffect.h
GameEffects::Effects::CityGrantHero::Remove	0	bool	no windows symbol			GameEffects_Effects_CityGrantHero.h
GameEffects::Effects::CityGrantHero::SupportsRemove	0	bool	no windows symbol			GameEffects_Effects_CityGrantHero.h
GameEffects::Effects::CityGrantRandomResourceProduct::Remove	0	bool	no windows symbol			GameEffects_Effects_CityGrantRandomResourceProduct.h
GameEffects::Effects::CityGrantRandomResourceProduct::SupportsRemove	0	bool	no windows symbol			GameEffects_Effects_CityGrantRandomResourceProduct.h
GameEffects::Effects::CityLevyUnitsInTerritory::Remove	0	bool	no windows symbol			GameEffects_Effects_CityLevyUnitsInTerritory.h
GameEffects::Effects::CityLevyUnitsInTerritory::SupportsRemove	0	bool	no windows symbol			GameEffects_Effects_CityLevyUnitsInTerritory.h
GameEffects::Effects::CityRecommissionReactor::Initialize	1	bool	no windows symbol			GameEffects_Effects_CityRecommissionReactor.h
GameEffects::Effects::CityRecommissionReactor::Remove	0	bool	no windows symbol			GameEffects_Effects_CityRecommissionReactor.h
GameEffects::Effects::DiplomacyAgendaAmbiorixArmy::Remove	1	bool	no windows symbol			GameEffects_Effects_Diplomacy_Agenda_AmbiorixArmy.h
GameEffects::Effects::DiplomacyAgendaAmbiorixArmy::SupportsRemove	0	bool	no windows symbol			GameEffects_Effects_Diplomacy_Agenda_AmbiorixArmy.h
GameEffects::Effects::DiplomacyAgendaAngevinEmpire::Remove	1	bool	no windows symbol			GameEffects_Effects_Diplomacy_Agenda_AngevinEmpire.h
GameEffects::Effects::DiplomacyAgendaArchipelagicState::Remove	1	bool	no windows symbol			GameEffects_Effects_Diplomacy_Agenda_ArchipelagicState.h
GameEffects::Effects::DiplomacyAgendaArchipelagicState::SupportsRemove	0	bool	no windows symbol			GameEffects_Effects_Diplomacy_Agenda_ArchipelagicState.h
GameEffects::Effects::DiplomacyAgendaAyyubidDynasty::Remove	1	bool	no windows symbol			GameEffects_Effects_Diplomacy_Agenda_AyyubidDynasty.h
GameEffects::Effects::DiplomacyAgendaAyyubidDynasty::SupportsRemove	0	bool	no windows symbol			GameEffects_Effects_Diplomacy_Agenda_AyyubidDynasty.h
GameEffects::Effects::DiplomacyAgendaBlackQueen::Remove	1	bool	no windows symbol			GameEffects_Effects_Diplomacy_Agenda_BlackQueen.h
GameEffects::Effects::DiplomacyAgendaBlackQueen::SupportsRemove	0	bool	no windows symbol			GameEffects_Effects_Diplomacy_Agenda_BlackQueen.h
GameEffects::Effects::DiplomacyAgendaBullMoose::Remove	1	bool	no windows symbol			GameEffects_Effects_DiplomacyAgendaBullMoose.h
GameEffects::Effects::DiplomacyAgendaBullMoose::SupportsRemove	0	bool	no windows symbol			GameEffects_Effects_DiplomacyAgendaBullMoose.h
GameEffects::Effects::DiplomacyAgendaBushido::Remove	1	bool	no windows symbol			GameEffects_Effects_Diplomacy_Agenda_Bushido.h
GameEffects::Effects::DiplomacyAgendaBushido::SupportsRemove	0	bool	no windows symbol			GameEffects_Effects_Diplomacy_Agenda_Bushido.h
GameEffects::Effects::DiplomacyAgendaCanadianExpeditionary::Remove	1	bool	no windows symbol			GameEffects_Effects_Diplomacy_Agenda_CanadianExpeditionary.h
GameEffects::Effects::DiplomacyAgendaEndToSuffering::Remove	1	bool	no windows symbol			GameEffects_Effects_Diplomacy_Agenda_EndToSuffering.h
GameEffects::Effects::DiplomacyAgendaEndToSuffering::SupportsRemove	0	bool	no windows symbol			GameEffects_Effects_Diplomacy_Agenda_EndToSuffering.h
GameEffects::Effects::DiplomacyAgendaEnvironment::SupportsRemove	0	bool	no windows symbol			GameEffects_Effects_Diplomacy_Agenda_Environment.h
GameEffects::Effects::DiplomacyAgendaEthiopianHighlands::SupportsRemove	0	bool	no windows symbol			GameEffects_Effects_Diplomacy_AgendaEthiopianHighlands.h
GameEffects::Effects::DiplomacyAgendaExploitative::SupportsRemove	0	bool	no windows symbol			GameEffects_Effects_Diplomacy_Agenda_Exploitative.h
GameEffects::Effects::DiplomacyAgendaFlatEarther::Remove	1	bool	no windows symbol			GameEffects_Effects_Diplomacy_Agenda_FlatEarther.h
GameEffects::Effects::DiplomacyAgendaHammurabiDistricts::Remove	1	bool	no windows symbol			GameEffects_Effects_Diplomacy_Agenda_HammurabiAgenda.h
GameEffects::Effects::DiplomacyAgendaHammurabiDistricts::SupportsRemove	0	bool	no windows symbol			GameEffects_Effects_Diplomacy_Agenda_HammurabiAgenda.h
GameEffects::Effects::DiplomacyAgendaHornChestLoins::Remove	1	bool	no windows symbol			GameEffects_Effects_Diplomacy_Agenda_HornChestLoins.h
GameEffects::Effects::DiplomacyAgendaHornChestLoins::SupportsRemove	0	bool	no windows symbol			GameEffects_Effects_Diplomacy_Agenda_HornChestLoins.h
GameEffects::Effects::DiplomacyAgendaHorseLord::Remove	1	bool	no windows symbol			GameEffects_Effects_Diplomacy_Agenda_HorseLord.h
GameEffects::Effects::DiplomacyAgendaKaitiakitanga::Remove	1	bool	no windows symbol			GameEffects_Effects_Diplomacy_Agenda_Kaitiakitanga.h
GameEffects::Effects::DiplomacyAgendaKublaiPax::CalculateScore	0	int	no windows symbol			GameEffects_Effects_Diplomacy_Agenda_KublaiPax.h
GameEffects::Effects::DiplomacyAgendaKublaiPax::SupportsRemove	0	bool	no windows symbol			GameEffects_Effects_Diplomacy_Agenda_KublaiPax.h
GameEffects::Effects::DiplomacyAgendaLastVikingKing::Remove	1	bool	no windows symbol			GameEffects_Effects_Diplomacy_Agenda_LastVikingKing.h
GameEffects::Effects::DiplomacyAgendaLastVikingKing::SupportsRemove	0	bool	no windows symbol			GameEffects_Effects_Diplomacy_Agenda_LastVikingKing.h
GameEffects::Effects::DiplomacyAgendaLawgiver::Remove	1	bool	no windows symbol			GameEffects_Effects_Diplomacy_Agenda_Lawgiver.h
GameEffects::Effects::DiplomacyAgendaLordMines::Remove	1	bool	no windows symbol			GameEffects_Effects_Diplomacy_Agenda_LordMines.h
GameEffects::Effects::DiplomacyAgendaMagnificences::Remove	1	bool	no windows symbol			GameEffects_Effects_Diplomacy_Agenda_Magnificences.h
GameEffects::Effects::DiplomacyAgendaMagnificences::SupportsRemove	0	bool	no windows symbol			GameEffects_Effects_Diplomacy_Agenda_Magnificences.h
GameEffects::Effects::DiplomacyAgendaOpportunist::Remove	1	bool	no windows symbol			GameEffects_Effects_Diplomacy_Agenda_Opportunist.h
GameEffects::Effects::DiplomacyAgendaOpportunist::SupportsRemove	0	bool	no windows symbol			GameEffects_Effects_Diplomacy_Agenda_Opportunist.h
GameEffects::Effects::DiplomacyAgendaOptimusPrinceps::Remove	1	bool	no windows symbol			GameEffects_Effects_Diplomacy_Agenda_OptimusPrinceps.h
GameEffects::Effects::DiplomacyAgendaOptimusPrinceps::SupportsRemove	0	bool	no windows symbol			GameEffects_Effects_Diplomacy_Agenda_OptimusPrinceps.h
GameEffects::Effects::DiplomacyAgendaParanoid::Remove	1	bool	no windows symbol			GameEffects_Effects_Diplomacy_Agenda_Paranoid.h
GameEffects::Effects::DiplomacyAgendaParanoid::SupportsRemove	0	bool	no windows symbol			GameEffects_Effects_Diplomacy_Agenda_Paranoid.h
GameEffects::Effects::DiplomacyAgendaPatronArts::Remove	1	bool	no windows symbol			GameEffects_Effects_Diplomacy_Agenda_PatronArts.h
GameEffects::Effects::DiplomacyAgendaPerpetuallyOnGuard::Remove	1	bool	no windows symbol			GameEffects_Effects_Diplomacy_Agenda_PerpetuallyOnGuard.h
GameEffects::Effects::DiplomacyAgendaPerpetuallyOnGuard::SupportsRemove	0	bool	no windows symbol			GameEffects_Effects_Diplomacy_Agenda_PerpetuallyOnGuard.h
GameEffects::Effects::DiplomacyAgendaQueenNile::Remove	1	bool	no windows symbol			GameEffects_Effects_Diplomacy_Agenda_QueenOfNile.h
GameEffects::Effects::DiplomacyAgendaQueenNile::SupportsRemove	0	bool	no windows symbol			GameEffects_Effects_Diplomacy_Agenda_QueenOfNile.h
GameEffects::Effects::DiplomacyAgendaRavenBanner::Remove	1	bool	no windows symbol			GameEffects_Effects_Diplomacy_Agenda_RavenBanner.h
GameEffects::Effects::DiplomacyAgendaShortLifeGlory::Remove	1	bool	no windows symbol			GameEffects_Effects_Diplomacy_Agenda_ShortLifeGlory.h
GameEffects::Effects::DiplomacyAgendaShortLifeGlory::SupportsRemove	0	bool	no windows symbol			GameEffects_Effects_Diplomacy_Agenda_ShortLifeGlory.h
GameEffects::Effects::DiplomacyAgendaSimonBolivar::Remove	1	bool	no windows symbol			GameEffects_Effects_Diplomacy_AgendaSimonBolivar.h
GameEffects::Effects::DiplomacyAgendaSimonBolivar::SupportsRemove	0	bool	no windows symbol			GameEffects_Effects_Diplomacy_AgendaSimonBolivar.h
GameEffects::Effects::DiplomacyAgendaTrieuDefender::CalculateScore	0	int	no windows symbol			GameEffects_Effects_Diplomacy_Agenda_TrieuDefender.h
GameEffects::Effects::DiplomacyAgendaTrieuDefender::SupportsRemove	0	bool	no windows symbol			GameEffects_Effects_Diplomacy_Agenda_TrieuDefender.h
GameEffects::Effects::DiplomacyAgendaTurtler::Remove	1	bool	no windows symbol			GameEffects_Effects_Diplomacy_Agenda_Turtler.h
GameEffects::Effects::DiplomacyAgendaWithShieldOrOnIt::SupportsRemove	0	bool	no windows symbol			GameEffects_Effects_Diplomacy_Agenda_WithShieldOrOnIt.h
GameEffects::Effects::DiplomacyAgendaZealot::Remove	1	bool	no windows symbol			GameEffects_Effects_Diplomacy_Agenda_Zealot.h
GameEffects::Effects::DiplomacyArchaeology::Remove	1	bool	no windows symbol			GameEffects_Effects_Diplomacy_Archaeology.h
GameEffects::Effects::DiplomacyArchaeology::SupportsRemove	0	bool	no windows symbol			GameEffects_Effects_Diplomacy_Archaeology.h
GameEffects::Effects::DiplomacyBaseEffect::DiplomacyBaseEffect_Initialize	1	bool	no windows symbol			GameEffects_Effects_Diplomacy_BaseEffect.h
GameEffects::Effects::DiplomacyBaseEffect::GetMetaDataValue	0	bool	no windows symbol			GameEffects_Effects_Diplomacy_BaseEffect.h
GameEffects::Effects::DiplomacyBrokenPledge::SupportsRemove	0	bool	no windows symbol			GameEffects_Effects_Diplomacy_BrokenPledge.h
GameEffects::Effects::DiplomacyBrokenPromise::SupportsRemove	0	bool	no windows symbol			GameEffects_Effects_Diplomacy_BrokenPromise.h
GameEffects::Effects::DiplomacyConvertCity::Remove	1	bool	no windows symbol			GameEffects_Effects_Diplomacy_ConvertCity.h
GameEffects::Effects::DiplomacyConvertCity::SupportsRemove	0	bool	no windows symbol			GameEffects_Effects_Diplomacy_ConvertCity.h
GameEffects::Effects::DiplomacyCulturalId::SupportsRemove	0	bool	no windows symbol			GameEffects_Effects_DiplomacyCulturalId.h
GameEffects::Effects::DiplomacyEspionage::Remove	1	bool	no windows symbol			GameEffects_Effects_Diplomacy_Espionage.h
GameEffects::Effects::DiplomacyEspionage::SupportsRemove	0	bool	no windows symbol			GameEffects_Effects_Diplomacy_Espionage.h
GameEffects::Effects::DiplomacyForceIncursion::SupportsRemove	0	bool	no windows symbol			GameEffects_Effects_Diplomacy_ForceIncursion.h
GameEffects::Effects::DiplomacyKeptPledge::Remove	1	bool	no windows symbol			GameEffects_Effects_Diplomacy_KeptPledge.h
GameEffects::Effects::DiplomacyKeptPledge::SupportsRemove	0	bool	no windows symbol			GameEffects_Effects_Diplomacy_KeptPledge.h
GameEffects::Effects::DiplomacyKeptPromise::Remove	1	bool	no windows symbol			GameEffects_Effects_Diplomacy_KeptPromise.h
GameEffects::Effects::DiplomacyKeptPromise::SupportsRemove	0	bool	no windows symbol			GameEffects_Effects_Diplomacy_KeptPromise.h
GameEffects::Effects::DiplomacyNewWarmonger::SupportsRemove	0	bool	no windows symbol			GameEffects_Effects_Diplomacy_NewWarmonger.h
GameEffects::Effects::DiplomacyNoPledge::Remove	1	bool	no windows symbol			GameEffects_Effects_Diplomacy_NoPledge.h
GameEffects::Effects::DiplomacyNoPledge::SupportsRemove	0	bool	no windows symbol			GameEffects_Effects_Diplomacy_NoPledge.h
GameEffects::Effects::DiplomacyNoPromise::Remove	1	bool	no windows symbol			GameEffects_Effects_Diplomacy_NoPromise.h
GameEffects::Effects::DiplomacyNoPromise::SupportsRemove	0	bool	no windows symbol			GameEffects_Effects_Diplomacy_NoPromise.h
GameEffects::Effects::DiplomacyOneSidedTrades::Remove	1	bool	no windows symbol			GameEffects_Effects_Diplomacy_OneSidedTrades.h
GameEffects::Effects::DiplomacyOneSidedTrades::SupportsRemove	0	bool	no windows symbol			GameEffects_Effects_Diplomacy_OneSidedTrades.h
GameEffects::Effects::DiplomacyRandomEffect::Remove	1	bool	no windows symbol			GameEffects_Effects_Diplomacy_Random.h
GameEffects::Effects::DiplomacyRandomEffect::SupportsRemove	0	bool	no windows symbol			GameEffects_Effects_Diplomacy_Random.h
GameEffects::Effects::DiplomacySettledCities::Remove	1	bool	no windows symbol			GameEffects_Effects_Diplomacy_SettledCities.h
GameEffects::Effects::DiplomacySettledCities::SupportsRemove	0	bool	no windows symbol			GameEffects_Effects_Diplomacy_SettledCities.h
GameEffects::Effects::DiplomacySimpleEffect::DiplomacySimpleEffect_Initialize	1	bool	no windows symbol			GameEffects_Effects_Diplomacy_SimpleEffect.h
GameEffects::Effects::DiplomacySimpleEffect::SupportsRemove	0	bool	no windows symbol			GameEffects_Effects_Diplomacy_SimpleEffect.h
GameEffects::Effects::DiplomacyTension::SupportsRemove	0	bool	no windows symbol			GameEffects_Effects_Diplomacy_Tension.h
GameEffects::Effects::DiplomacyThirdPartyEffects::Remove	1	bool	no windows symbol			GameEffects_Effects_Diplomacy_ThirdPartyEffects.h
GameEffects::Effects::DiplomacyThirdPartyEffects::SupportsRemove	0	bool	no windows symbol			GameEffects_Effects_Diplomacy_ThirdPartyEffects.h
GameEffects::Effects::DiplomacyThirdPartyWarmonger::SupportsRemove	0	bool	no windows symbol			GameEffects_Effects_Diplomacy_ThirdPartyWarmonger.h
GameEffects::Effects::DiplomacyTradeRelations::SupportsRemove	0	bool	no windows symbol			GameEffects_Effects_Diplomacy_TradeRelations.h
GameEffects::Effects::DisableGrievanceDecay::SupportsRemove	1	bool	no windows symbol			GameEffects_Effects_DisableGrievanceDecay.h
GameEffects::Effects::DistrictEffect::Remove	0	bool	no windows symbol			GameEffects_Effects_DistrictEffect.h
GameEffects::Effects::DoNothing::Apply	1	bool	no windows symbol			GameEffects_Effects_DoNothing.h
GameEffects::Effects::DoNothing::Initialize	1	bool	no windows symbol			GameEffects_Effects_DoNothing.h
GameEffects::Effects::DoNothing::SupportsRemove	0	bool	no windows symbol			GameEffects_Effects_DoNothing.h
GameEffects::Effects::ExploreEntireMap::Remove	0	bool	no windows symbol			GameEffects_Effects_ExploreEntireMap.h
GameEffects::Effects::ExploreEntireMap::SupportsRemove	0	bool	no windows symbol			GameEffects_Effects_ExploreEntireMap.h
GameEffects::Effects::FoundForeignContinentCityTradeRouteCapacity::SupportsRemove	1	bool	no windows symbol			GameEffects_Effects_FoundForeignContinentCityTradeRouteCapacity.h
GameEffects::Effects::GameEffect::Remove	0	bool	no windows symbol			GameEffects_Effects_GameEffect.h
GameEffects::Effects::GoldenAgeTradeRouteCapacity::SupportsRemove	1	bool	no windows symbol			GameEffects_Effects_GoldenAgeTradeRouteCapacity.h
GameEffects::Effects::GovernorAdjustCityCopyLuxuriesForImport::Initialize	1	bool	no windows symbol			GameEffects_Effects_GovernorAdjustCityCopyLuxuriesForImport.h
GameEffects::Effects::GovernorAdjustCityCopyStrategicsForImport::Initialize	1	bool	no windows symbol			GameEffects_Effects_GovernorAdjustCityCopyStrategicsForImport.h
GameEffects::Effects::GovernorEffect::Initialize	1	bool	no windows symbol			GameEffects_Effects_GovernorEffect.h
GameEffects::Effects::GrantAllTechnologyBoostByEra::Remove	0	bool	no windows symbol			GameEffects_Effects_GrantAllTechnologyBoostByEra.h
GameEffects::Effects::GrantAllTechnologyBoostByEra::SupportsRemove	0	bool	no windows symbol			GameEffects_Effects_GrantAllTechnologyBoostByEra.h
GameEffects::Effects::GrantCityLoyalty::Remove	0	bool	no windows symbol			GameEffects_Effects_GrantCityLoyalty.h
GameEffects::Effects::GrantCityLoyalty::SupportsRemove	0	bool	no windows symbol			GameEffects_Effects_GrantCityLoyalty.h
GameEffects::Effects::GrantCityRoadToCapital::Remove	0	bool	no windows symbol			GameEffects_Effects_GrantCityRoadToCapital.h
GameEffects::Effects::GrantCityRoadToCapital::SupportsRemove	0	bool	no windows symbol			GameEffects_Effects_GrantCityRoadToCapital.h
GameEffects::Effects::GrantCityTradingPost::Remove	0	bool	no windows symbol			GameEffects_Effects_GrantCityTradingPost.h
GameEffects::Effects::GrantCityTradingPost::SupportsRemove	0	bool	no windows symbol			GameEffects_Effects_GrantCityTradingPost.h
GameEffects::Effects::GrantCombatAdjacency::Remove	0	bool	no windows symbol			GameEffects_Effects_GrantCombatAdjacency.h
GameEffects::Effects::GrantCombatAdjacency::SupportsRemove	0	bool	no windows symbol			GameEffects_Effects_GrantCombatAdjacency.h
GameEffects::Effects::GrantFreeBuilding::Remove	0	bool	no windows symbol			GameEffects_Effects_GrantFreeBuilding.h
GameEffects::Effects::GrantFreeBuilding::SupportsRemove	0	bool	no windows symbol			GameEffects_Effects_GrantFreeBuilding.h
GameEffects::Effects::GrantFreeBuildingIgnore::Remove	0	bool	no windows symbol			GameEffects_Effects_GrantFreeBuildingIgnore.h
GameEffects::Effects::GrantFreeBuildingIgnore::SupportsRemove	0	bool	no windows symbol			GameEffects_Effects_GrantFreeBuildingIgnore.h
GameEffects::Effects::GrantFreeCheapestBuilding::Remove	0	bool	no windows symbol			GameEffects_Effects_GrantFreeCheapestBuilding.h
GameEffects::Effects::GrantFreeCheapestBuilding::SupportsRemove	0	bool	no windows symbol			GameEffects_Effects_GrantFreeCheapestBuilding.h
GameEffects::Effects::GrantFreeEnvoysHere::Remove	0	bool	no windows symbol			GameEffects_Effects_GrantFreeEnvoysHere.h
GameEffects::Effects::GrantFreeEnvoysHere::SupportsRemove	0	bool	no windows symbol			GameEffects_Effects_GrantFreeEnvoysHere.h
GameEffects::Effects::GrantFreeGreatPersonClassInCity::Remove	0	bool	no windows symbol			GameEffects_Effects_GrantFreeGreatPersonClassInCity.h
GameEffects::Effects::GrantFreeGreatPersonClassInCity::SupportsRemove	0	bool	no windows symbol			GameEffects_Effects_GrantFreeGreatPersonClassInCity.h
GameEffects::Effects::GrantFreeResourceFromUnitPlot::Remove	0	bool	no windows symbol			GameEffects_Effects_GrantFreeResourceFromUnitPlot.h
GameEffects::Effects::GrantFreeResourceFromUnitPlot::SupportsRemove	0	bool	no windows symbol			GameEffects_Effects_GrantFreeResourceFromUnitPlot.h
GameEffects::Effects::GrantFreeResourceVisibility::Remove	0	bool	no windows symbol			GameEffects_Effects_GrantFreeResourceVisibility.h
GameEffects::Effects::GrantFreeResourceVisibility::SupportsRemove	0	bool	no windows symbol			GameEffects_Effects_GrantFreeResourceVisibility.h
GameEffects::Effects::GrantFreeUnitByClass::Remove	0	bool	no windows symbol			GameEffects_Effects_GrantFreeUnitByClass.h
GameEffects::Effects::GrantFreeUnitByClass::SupportsRemove	0	bool	no windows symbol			GameEffects_Effects_GrantFreeUnitByClass.h
GameEffects::Effects::GrantFreeUnitByDomain::Remove	0	bool	no windows symbol			GameEffects_Effects_GrantFreeUnitByDomain.h
GameEffects::Effects::GrantFreeUnitByDomain::SupportsRemove	0	bool	no windows symbol			GameEffects_Effects_GrantFreeUnitByDomain.h
GameEffects::Effects::GrantFreeUnitInCity::Remove	0	bool	no windows symbol			GameEffects_Effects_GrantFreeUnitInCity.h
GameEffects::Effects::GrantFreeUnitInCity::SupportsRemove	0	bool	no windows symbol			GameEffects_Effects_GrantFreeUnitInCity.h
GameEffects::Effects::GrantFreeUnitOnPlot::Remove	0	bool	no windows symbol			GameEffects_Effects_GrantFreeUnitOnPlot.h
GameEffects::Effects::GrantFreeUnitOnPlot::SupportsRemove	0	bool	no windows symbol			GameEffects_Effects_GrantFreeUnitOnPlot.h
GameEffects::Effects::GrantHealAfterAction::SupportsRemove	0	bool	no windows symbol			GameEffects_Effects_GrantHealAfterAction.h
GameEffects::Effects::GrantInfluenceToken::Remove	0	bool	no windows symbol			GameEffects_Effects_GrantInfluenceToken.h
GameEffects::Effects::GrantInfluenceToken::SupportsRemove	0	bool	no windows symbol			GameEffects_Effects_GrantInfluenceToken.h
GameEffects::Effects::GrantInfluenceTokenLevyMilitary::Remove	0	bool	no windows symbol			GameEffects_Effects_GrantInfluenceTokenLevyMilitary.h
GameEffects::Effects::GrantInfluenceTokenLevyMilitary::SupportsRemove	0	bool	no windows symbol			GameEffects_Effects_GrantInfluenceTokenLevyMilitary.h
GameEffects::Effects::GrantPlayerFaithFromHarvest::Remove	0	bool	no windows symbol			GameEffects_Effects_GrantPlayerFaithFromHarvest.h
GameEffects::Effects::GrantPlayerFaithFromHarvest::SupportsRemove	0	bool	no windows symbol			GameEffects_Effects_GrantPlayerFaithFromHarvest.h
GameEffects::Effects::GrantPlayerFaithFromRemoveFeature::Remove	0	bool	no windows symbol			GameEffects_Effects_GrantPlayerFaithFromRemoveFeature.h
GameEffects::Effects::GrantPlayerFaithFromRemoveFeature::SupportsRemove	0	bool	no windows symbol			GameEffects_Effects_GrantPlayerFaithFromRemoveFeature.h
GameEffects::Effects::GrantPlayerRandomCivic::SupportsRemove	0	bool	no windows symbol			GameEffects_Effects_GrantPlayerRandomCivic.h
GameEffects::Effects::GrantPlayerRandomTechnology::SupportsRemove	0	bool	no windows symbol			GameEffects_Effects_GrantPlayerRandomTechnology.h
GameEffects::Effects::GrantPlayerSpecificTechBoostGreatPerson::GetMetaDataValue	0	bool	no windows symbol			GameEffects_Effects_GrantPlayerSpecificTechBoostGreatPerson.h
GameEffects::Effects::GrantPlayerSpecificTechBoostGreatPerson::Remove	0	bool	no windows symbol			GameEffects_Effects_GrantPlayerSpecificTechBoostGreatPerson.h
GameEffects::Effects::GrantPlayerSpecificTechBoostGreatPerson::SupportsRemove	0	bool	no windows symbol			GameEffects_Effects_GrantPlayerSpecificTechBoostGreatPerson.h
GameEffects::Effects::GrantPlayerSpecificTechnology::Remove	0	bool	no windows symbol			GameEffects_Effects_GrantPlayerSpecificTechnology.h
GameEffects::Effects::GrantPlayerSpecificTechnology::SupportsRemove	0	bool	no windows symbol			GameEffects_Effects_GrantPlayerSpecificTechnology.h
GameEffects::Effects::GrantPlayerYieldUnitCost::Remove	1	bool	no windows symbol			GameEffects_Effects_GrantPlayerYieldUnitCost.h
GameEffects::Effects::GrantPlot::Remove	0	bool	no windows symbol			GameEffects_Effects_GrantPlot.h
GameEffects::Effects::GrantPlot::SupportsRemove	0	bool	no windows symbol			GameEffects_Effects_GrantPlot.h
GameEffects::Effects::GrantProductionInCity::Remove	0	bool	no windows symbol			GameEffects_Effects_GrantProductionInCity.h
GameEffects::Effects::GrantProductionInCity::SupportsRemove	0	bool	no windows symbol			GameEffects_Effects_GrantProductionInCity.h
GameEffects::Effects::GrantPromotion::Remove	0	bool	no windows symbol			GameEffects_Effects_GrantPromotion.h
GameEffects::Effects::GrantPromotion::SupportsRemove	0	bool	no windows symbol			GameEffects_Effects_GrantPromotion.h
GameEffects::Effects::GrantRandomCivicBoostByEra::Remove	0	bool	no windows symbol			GameEffects_Effects_GrantRandomCivicBoostByEra.h
GameEffects::Effects::GrantRandomCivicBoostByEra::SupportsRemove	0	bool	no windows symbol			GameEffects_Effects_GrantRandomCivicBoostByEra.h
GameEffects::Effects::GrantRandomTechnologyBoostByEra::Remove	0	bool	no windows symbol			GameEffects_Effects_GrantRandomTechnologyBoostByEra.h
GameEffects::Effects::GrantRandomTechnologyBoostByEra::SupportsRemove	0	bool	no windows symbol			GameEffects_Effects_GrantRandomTechnologyBoostByEra.h
GameEffects::Effects::GrantRelic::Remove	0	bool	no windows symbol			GameEffects_Effects_GrantRelic.h
GameEffects::Effects::GrantRelic::SupportsRemove	0	bool	no windows symbol			GameEffects_Effects_GrantRelic.h
GameEffects::Effects::GrantReligiousPressureVersusEmergencyMembers::Remove	0	bool	no windows symbol			GameEffects_Effects_GrantReligiousPressureAgainstEmergencyMembers.h
GameEffects::Effects::GrantReligiousPressureVersusEmergencyMembers::SupportsRemove	0	bool	no windows symbol			GameEffects_Effects_GrantReligiousPressureAgainstEmergencyMembers.h
GameEffects::Effects::GrantRouteInRadius::Remove	0	bool	no windows symbol			GameEffects_Effects_GrantRouteInRadius.h
GameEffects::Effects::GrantStrengthPerAdjacentUnitType::GetMetaDataValue	0	bool	no windows symbol			GameEffects_Effects_GrantStrengthPerAdjacentUnitType.h
GameEffects::Effects::GrantStrengthPerAdjacentUnitType::Remove	1	bool	no windows symbol			GameEffects_Effects_GrantStrengthPerAdjacentUnitType.h
GameEffects::Effects::GrantStrengthPerAdjacentUnitType::SupportsRemove	1	bool	no windows symbol			GameEffects_Effects_GrantStrengthPerAdjacentUnitType.h
GameEffects::Effects::GrantTourismPerExcessLuxuries::Remove	0	bool	no windows symbol			GameEffects_Effects_GrantTourismPerExcessLuxuries.h
GameEffects::Effects::GrantTourismPerExcessLuxuries::SupportsRemove	0	bool	no windows symbol			GameEffects_Effects_GrantTourismPerExcessLuxuries.h
GameEffects::Effects::GrantUnitByClassAndApplyAbility::Remove	0	bool	no windows symbol			GameEffects_Effects_GrantUnitByClassAndApplyAbility.h
GameEffects::Effects::GrantUnitByClassAndApplyAbility::SupportsRemove	0	bool	no windows symbol			GameEffects_Effects_GrantUnitByClassAndApplyAbility.h
GameEffects::Effects::GrantUnitFeatureYield::Remove	0	bool	no windows symbol			GameEffects_Effects_GrantUnitFeatureYield.h
GameEffects::Effects::GrantUnitInEachDistrict::Remove	0	bool	no windows symbol			GameEffects_Effects_GrantUnitInEachDistrict.h
GameEffects::Effects::GrantUnitInEachDistrict::SupportsRemove	0	bool	no windows symbol			GameEffects_Effects_GrantUnitInEachDistrict.h
GameEffects::Effects::GrantUnitNaturalWonderYield::Remove	0	bool	no windows symbol			GameEffects_Effects_GrantUnitNaturalWonderYield.h
GameEffects::Effects::GrantUnitNaturalWonderYield::SupportsRemove	0	bool	no windows symbol			GameEffects_Effects_GrantUnitNaturalWonderYield.h
GameEffects::Effects::GrantUnitTerrainYield::Remove	0	bool	no windows symbol			GameEffects_Effects_GrantUnitTerrainYield.h
GameEffects::Effects::GrantUnitWithExperience::Remove	0	bool	no windows symbol			GameEffects_Effects_GrantUnitWithExperience.h
GameEffects::Effects::GrantUnitWithExperience::SupportsRemove	0	bool	no windows symbol			GameEffects_Effects_GrantUnitWithExperience.h
GameEffects::Effects::GrantYield::Remove	0	bool	no windows symbol			GameEffects_Effects_GrantYield.h
GameEffects::Effects::GrantYield::SupportsRemove	0	bool	no windows symbol			GameEffects_Effects_GrantYield.h
GameEffects::Effects::GrantYieldBasedOnCurrentYieldRate::Remove	0	bool	no windows symbol			GameEffects_Effects_GrantYieldBasedOnCurrentYieldRate.h
GameEffects::Effects::GrantYieldBasedOnCurrentYieldRate::SupportsRemove	0	bool	no windows symbol			GameEffects_Effects_GrantYieldBasedOnCurrentYieldRate.h
GameEffects::Effects::GrantYieldPerExcessLuxuries::Remove	0	bool	no windows symbol			GameEffects_Effects_GrantYieldPerExcessLuxuries.h
GameEffects::Effects::GrantYieldPerExcessLuxuries::SupportsRemove	0	bool	no windows symbol			GameEffects_Effects_GrantYieldPerExcessLuxuries.h
GameEffects::Effects::GrantYieldPerFeatureTypeInCity::Remove	0	bool	no windows symbol			GameEffects_Effects_GrantYieldPerFeatureTypeInCity.h
GameEffects::Effects::GrantYieldPerFeatureTypeInCity::SupportsRemove	0	bool	no windows symbol			GameEffects_Effects_GrantYieldPerFeatureTypeInCity.h
GameEffects::Effects::GrantYieldPerGreatWorkInCity::Remove	0	bool	no windows symbol			GameEffects_Effects_GrantYieldPerGreatWorkInCity.h
GameEffects::Effects::GrantYieldPerGreatWorkInCity::SupportsRemove	0	bool	no windows symbol			GameEffects_Effects_GrantYieldPerGreatWorkInCity.h
GameEffects::Effects::GrantYieldPerResourceTypeInCity::Remove	0	bool	no windows symbol			GameEffects_Effects_GrantYieldPerResourceTypeInCity.h
GameEffects::Effects::GrantYieldPerResourceTypeInCity::SupportsRemove	0	bool	no windows symbol			GameEffects_Effects_GrantYieldPerResourceTypeInCity.h
GameEffects::Effects::KillEmergencyTargetSpyInCity::Remove	0	bool	no windows symbol			GameEffects_Effects_KillEmergencyTargetSpyInCity.h
GameEffects::Effects::KillEmergencyTargetSpyInCity::SupportsRemove	0	bool	no windows symbol			GameEffects_Effects_KillEmergencyTargetSpyInCity.h
GameEffects::Effects::MapRemoveCliffsInDirection::Remove	0	bool	no windows symbol			GameEffects_Effects_Map_RemoveCliffsInDirection.h
GameEffects::Effects::NaturalWonderRelic::SupportsRemove	0	bool	no windows symbol			GameEffects_Effects_NaturalWonderRelic.h
GameEffects::Effects::PlayerDiscoverHero::Remove	0	bool	no windows symbol			GameEffects_Effects_PlayerDiscoverHero.h
GameEffects::Effects::PlayerDiscoverHero::SupportsRemove	0	bool	no windows symbol			GameEffects_Effects_PlayerDiscoverHero.h
GameEffects::Effects::PlayerEffect::Remove	0	bool	no windows symbol			GameEffects_Effects_PlayerEffect.h
GameEffects::Effects::PlayerSendOutGoldToEmergenciesOfType::Remove	1	bool	no windows symbol			GameEffects_Effects_PlayerSendGoldToEmergenciesOfType.h
GameEffects::Effects::PlayerUnitsGrantRandomBasePromotion::Remove	0	bool	no windows symbol			GameEffects_Effects_PlayerUnitsGrantRandomBasePromotion.h
GameEffects::Effects::PurchaseProductionInCity::Remove	0	bool	no windows symbol			GameEffects_Effects_PurchaseProductionInCity.h
GameEffects::Effects::PurchaseProductionInCity::SupportsRemove	0	bool	no windows symbol			GameEffects_Effects_PurchaseProductionInCity.h
GameEffects::Effects::RestoreUnitMovement::Remove	0	bool	no windows symbol			GameEffects_Effects_RestoreUnitMovement.h
GameEffects::Effects::StealPopOnPlotToCreateUnit::Remove	0	bool	no windows symbol			GameEffects_Effects_StealPopOnPlotToCreateUnit.h
GameEffects::Effects::StealPopOnPlotToCreateUnit::SupportsRemove	0	bool	no windows symbol			GameEffects_Effects_StealPopOnPlotToCreateUnit.h
GameEffects::Effects::TradeRouteCancel::Initialize	1	bool	no windows symbol			GameEffects_Effects_TradeRouteCancel.h
GameEffects::Effects::TradeRouteCancel::Remove	1	bool	no windows symbol			GameEffects_Effects_TradeRouteCancel.h
GameEffects::Effects::TradeRouteEffect::Initialize	1	bool	no windows symbol			GameEffects_Effects_TradeRouteEffect.h
GameEffects::Effects::TriggerGameMechanic::Remove	0	bool	no windows symbol			GameEffects_Effects_TriggerGameMechanic.h
GameEffects::Effects::TriggerGameMechanic::SupportsRemove	0	bool	no windows symbol			GameEffects_Effects_TriggerGameMechanic.h
GameEffects::Effects::UnitEffect::Remove	0	bool	no windows symbol			GameEffects_Effects_UnitEffect.h
GameEffects::Effects::UnitTeleport::Remove	1	bool	no windows symbol			GameEffects_Effects_UnitTeleport.h
GameEffects::Effects::UnitTransferCityAsGiftAndApplyModifier::Remove	0	bool	no windows symbol			GameEffects_Effects_UnitTransferCityAsGiftAndApplyModifier.h
GameEffects::Effects::UnitTransferCityAsGiftAndApplyModifier::SupportsRemove	0	bool	no windows symbol			GameEffects_Effects_UnitTransferCityAsGiftAndApplyModifier.h
GameEffects::Objects::Alliance::IsTemporary	0	bool	no windows symbol			GameEffects_Objects_Alliance.h
GameEffects::Objects::ArtifactExtraction::IsFixedLocation	1	bool	no windows symbol			GameEffects_Objects_ArtifactExtraction.h
GameEffects::Objects::ArtifactExtraction::IsTemporary	0	bool	no windows symbol			GameEffects_Objects_ArtifactExtraction.h
GameEffects::Objects::Belief::IsTemporary	0	bool	no windows symbol			GameEffects_Objects_Belief.h
GameEffects::Objects::City::IsFixedLocation	1	bool	no windows symbol			GameEffects_Objects_City.h
GameEffects::Objects::City::IsTemporary	0	bool	no windows symbol			GameEffects_Objects_City.h
GameEffects::Objects::CombatResults::IsFixedLocation	1	bool	no windows symbol			GameEffects_Objects_CombatResults.h
GameEffects::Objects::CombatResults::IsTemporary	1	bool	no windows symbol			GameEffects_Objects_CombatResults.h
GameEffects::Objects::Congress::IsTemporary	0	bool	no windows symbol			GameEffects_Objects_Congress.h
GameEffects::Objects::District::IsFixedLocation	1	bool	no windows symbol			GameEffects_Objects_District.h
GameEffects::Objects::District::IsTemporary	0	bool	no windows symbol			GameEffects_Objects_District.h
GameEffects::Objects::Emergency::IsTemporary	0	bool	no windows symbol			GameEffects_Objects_Emergency.h
GameEffects::Objects::Game::IsTemporary	0	bool	no windows symbol			GameEffects_Objects_Game.h
GameEffects::Objects::Governor::IsFixedLocation	0	bool	no windows symbol			GameEffects_Objects_Governor.h
GameEffects::Objects::Governor::IsTemporary	0	bool	no windows symbol			GameEffects_Objects_Governor.h
GameEffects::Objects::Improvement::IsFixedLocation	1	bool	no windows symbol			GameEffects_Objects_Improvement.h
GameEffects::Objects::Improvement::IsTemporary	0	bool	no windows symbol			GameEffects_Objects_Improvement.h
GameEffects::Objects::Player::IsTemporary	0	bool	no windows symbol			GameEffects_Objects_Player.h
GameEffects::Objects::PlotYields::IsFixedLocation	1	bool	no windows symbol			GameEffects_Objects_PlotYields.h
GameEffects::Objects::PlotYields::IsTemporary	1	bool	no windows symbol			GameEffects_Objects_PlotYields.h
GameEffects::Objects::PotentialTradeRoute::IsTemporary	1	bool	no windows symbol			GameEffects_Objects_PotentialTradeRoute.h
GameEffects::Objects::ProposedCombat::IsFixedLocation	1	bool	no windows symbol			GameEffects_Objects_ProposedCombat.h
GameEffects::Objects::ProposedCombat::IsTemporary	1	bool	no windows symbol			GameEffects_Objects_ProposedCombat.h
GameEffects::Objects::Team::IsTemporary	0	bool	no windows symbol			GameEffects_Objects_Team.h
GameEffects::Objects::TradeRoute::IsTemporary	0	bool	no windows symbol			GameEffects_Objects_TradeRoute.h
GameEffects::Objects::Unit::IsFixedLocation	0	bool	no windows symbol			GameEffects_Objects_Unit.h
GameEffects::Objects::Unit::IsTemporary	0	bool	no windows symbol			GameEffects_Objects_Unit.h
GameEffects::Objects::UnitDeath::IsFixedLocation	1	bool	no windows symbol			GameEffects_Objects_UnitDeath.h
GameEffects::Objects::UnitDeath::IsTemporary	0	bool	no windows symbol			GameEffects_Objects_UnitDeath.h
GameEffects::RequirementSets::SimpleRequirementSet::GetProgress	0	bool	no windows symbol			GameEffects_RequirementSets_SimpleRequirementSet.h
GameEffects::Requirements::AdjacentPlotRequirement::AdjacentPlotRequirement_OnInitialize	1	bool	no windows symbol			GameEffects_Requirements_AdjacentPlotRequirement.h
GameEffects::Requirements::AttackerPlotRequirement::AttackerPlotRequirement_OnInitialize	1	bool	no windows symbol			GameEffects_Requirements_AttackerPlotRequirement.h
GameEffects::Requirements::CollectionCountEquals::GetProgress	0	bool	no windows symbol			GameEffects_Requirements_CollectionCountEquals.h
GameEffects::Requirements::CollectionRequirement::CollectionRequirement_OnInitialize	1	bool	no windows symbol			GameEffects_Requirements_CollectionRequirement.h
GameEffects::Requirements::CombatOtherPlayerIsHuman::OnInitialize	1	bool	no windows symbol			GameEffects_Requirements_CombatOtherPlayerIsHuman.h
GameEffects::Requirements::ConstRequirement::IsActive	0	bool	no windows symbol			GameEffects_Requirements_ConstRequirement.h
GameEffects::Requirements::ConstRequirement::IsEphemeral	0	bool	no windows symbol			GameEffects_Requirements_ConstRequirement.h
GameEffects::Requirements::ConstRequirement::OnInitialize	1	bool	no windows symbol			GameEffects_Requirements_ConstRequirement.h
GameEffects::Requirements::EspionageIntrusionDetected::Test	0	GameEffects::RequirementState	no windows symbol			GameEffects_Requirements_EspionageIntrusionDetected.h
GameEffects::Requirements::GameIsMultiplayer::OnInitialize	1	bool	no windows symbol			GameEffects_Requirements_GameIsMultiplayer.h
GameEffects::Requirements::PlayerDealEnacted::Test	0	GameEffects::RequirementState	no windows symbol			GameEffects_Requirements_PlayerDealEnacted.h
GameEffects::Requirements::PlayerIsHuman::IsEphemeral	1	bool	no windows symbol			GameEffects_Requirements_PlayerIsHuman.h
GameEffects::Requirements::PlayerIsSameSex::OnInitialize	1	bool	no windows symbol			GameEffects_Requirements_PlayerIsSameSex.h
GameEffects::Requirements::PlayerTurnStarted::Test	0	GameEffects::RequirementState	no windows symbol			GameEffects_Requirements_PlayerTurnStarted.h
GameEffects::Requirements::PlayerWithShieldOrOnIt::Test	0	GameEffects::RequirementState	no windows symbol			GameEffects_Requirements_PlayerWithShieldOrOnIt.h
GameEffects::Requirements::PlotRequirement::PlotRequirement_OnInitialize	1	bool	no windows symbol			GameEffects_Requirements_PlotRequirement.h
GameEffects::Requirements::SimpleRequirement::IsEphemeral	0	bool	no windows symbol			GameEffects_Requirements_SimpleRequirement.h
GameEffects::Requirements::SimpleRequirement::OnInitialize	1	bool	no windows symbol			GameEffects_Requirements_SimpleRequirement.h
GameSummary::DataProvider::CanInitialize	1	bool	no windows symbol			GameSummary_DataProviders.h
GameSummary::DataProvider::Initialize	1	bool	no windows symbol			GameSummary_DataProviders.h
GameSummary::TurnDataProvider::CanInitialize	1	bool	constant (true)	0x8801d0	3	GameSummary_DataProviders.h
GameSummary::TurnDataProvider::IncludeMajors	1	bool	constant (true)	0x8801d0	3	GameSummary_DataProviders.h
GameSummary::TurnDataProvider::IncludeMinors	0	bool	constant (false)	0x852e70	3	GameSummary_DataProviders.h
GameSummary::TurnDataProvider::IncludeTrivial	0	bool	constant (false)	0x852e70	3	GameSummary_DataProviders.h
GameSummary::TurnDataProvider::Initialize	1	bool	logic	0x5e43d0	352	GameSummary_DataProviders.h
GameSummary::XP1PlayerDataProvider::Initialize	1	bool	constant (true)	0x8801d0	3	GameSummary_XP1SharedDataProviders.h
GameSummary::XP2PlayerDataProvider::Initialize	1	bool	constant (true)	0x8801d0	3	GameSummary_XP2SharedDataProviders.h
Lua::IAutoplayManager::GetInstance	0	Game::Autoplay::Manager*	no windows symbol			Lua_IAutoplayManager.h
Lua::ICityManager::GetInstance	0	City::Manager*	no windows symbol			Lua_ICityManager.h
Lua::ICombatManager::GetInstance	0	Combat::Manager*	no windows symbol			Lua_ICombatManager.h
Lua::IDealManager::GetInstance	0	Diplomacy::Deal::Manager*	no windows symbol			Lua_IDealManager.h
Lua::IGame::lWriteHistoryLog	0	int32	constant (0)	0x478f10	3	Lua_IGame.h
Lua::INotificationManager::GetInstance	0	Reporting::Notification::Manager*	no windows symbol			Lua_INotificationManager.h
Lua::ITunerManager::GetInstance	0	Tuner::Manager*	no windows symbol			Lua_ITunerManager.h
Lua::IUnitManager::GetInstance	0	Unit::Manager*	no windows symbol			Lua_IUnitManager.h
Map::Component::IInstance::InitializeVisualState	1	bool	constant (true)	0x8801d0	3	Map_Component.h
Map::Component::IInstance::Read	1	bool	constant (true)	0x8801d0	3	Map_Component.h
Map::Component::IInstance::RestoreVisualState	1	bool	constant (true)	0x8801d0	3	Map_Component.h
Map::Component::IInstance::Write	1	bool	constant (true)	0x8801d0	3	Map_Component.h
Map::Feature::NaturalWonderVolcano::IsActive	1	bool	constant (true)	0x8801d0	3	XP2_Map_Feature_Manager.h
Map::Feature::NaturalWonderVolcano::IsNaturalWonder	1	bool	constant (true)	0x8801d0	3	XP2_Map_Feature_Manager.h
Map::Feature::Volcano::IsNaturalWonder	0	bool	constant (false)	0x852e70	3	XP2_Map_Feature_Manager.h
Map::Plot::Instance::GetSerializationVersion	6	int	constant (6)	0x5e9a0	6	Plot_Instance.h
Map::Plot::Instance::HasSpecialImprovement	0	bool	constant (false)	0x852e70	3	Plot_Instance.h
Map::Plot::Instance::IsAllowImpassableMovement	0	bool	no windows symbol			Plot_Instance.h
Map::Plot::Instance::IsCanyon	0	bool	constant (false)	0x852e70	3	Plot_Instance.h
Map::River::Manager::GetDefaultFloodDuration	1	int	no windows symbol			XP2_Map_River_Manager.h
Messages::CityCommand::GetUnreadiesTurn	1	bool	constant (true)	0x8801d0	3	Messages_CityCommand.h
Messages::CityOperation::GetUnreadiesTurn	1	bool	constant (true)	0x8801d0	3	Messages_CityOperation.h
Messages::CivicsCommand::GetUnreadiesTurn	1	bool	constant (true)	0x8801d0	3	Messages_CivicsCommand.h
Messages::DiplomacyAction::GetUnreadiesTurn	1	bool	constant (true)	0x8801d0	3	Messages_DiplomacyAction.h
Messages::DiplomacyDeal::GetUnreadiesTurn	0	bool	constant (false)	0x852e70	3	Messages_DiplomacyDeal.h
Messages::DiplomacySession::GetUnreadiesTurn	0	bool	constant (false)	0x852e70	3	Messages_DiplomacySession.h
Messages::DiplomacyStatement::GetUnreadiesTurn	0	bool	constant (false)	0x852e70	3	Messages_DiplomacyStatement.h
Messages::GamePaused::GetUnreadiesTurn	0	bool	constant (false)	0x852e70	3	Messages_GamePaused.h
Messages::GameTurnComplete::GetUnreadiesTurn	0	bool	constant (false)	0x852e70	3	Messages_GameTurnComplete.h
Messages::GameUpdate::GetUnreadiesTurn	0	bool	constant (false)	0x852e70	3	Messages_GameUpdate.h
Messages::GenericUnitMessage::GetUnreadiesTurn	1	bool	no windows symbol			Messages_GenericUnit.h
Messages::PlayerConnectionChange::GetUnreadiesTurn	0	bool	constant (false)	0x852e70	3	Messages_PlayerConnect.h
Messages::PlayerOperation::GetUnreadiesTurn	1	bool	constant (true)	0x8801d0	3	Messages_PlayerOperations.h
Messages::PlayerRetire::GetUnreadiesTurn	0	bool	constant (false)	0x852e70	3	Messages_PlayerRetire.h
Messages::PlayerSnapshotStatus::GetUnreadiesTurn	0	bool	constant (false)	0x852e70	3	Messages_PlayerSnapshotStatus.h
Messages::PlayerSwap::GetUnreadiesTurn	0	bool	constant (false)	0x852e70	3	Messages_PlayerSwap.h
Messages::PlayerTurnComplete::GetUnreadiesTurn	0	bool	constant (false)	0x852e70	3	Messages_PlayerTurnComplete.h
Messages::PlayerTurnUnready::GetUnreadiesTurn	0	bool	constant (false)	0x852e70	3	Messages_PlayerTurnUnready.h
Messages::UnitCommand::GetUnreadiesTurn	1	bool	constant (true)	0x8801d0	3	Messages_UnitCommand.h
Messages::UnitOperation::GetUnreadiesTurn	1	bool	constant (true)	0x8801d0	3	Messages_UnitOperation.h
Player::Culture::DoesLockExist	1	bool	constant (true)	0x8801d0	3	Player_Culture.h
Player::Culture::GetEnactPolicyCost	0	int	constant (0)	0x478f10	3	Player_Culture.h
Player::Operations::BaseHandler::CanBeInterrupted	0	bool	constant (false)	0x852e70	3	Player_Operations_BaseHandler.h
Player::Operations::BaseHandler::Deactivate	1	bool	constant (true)	0x8801d0	3	Player_Operations_BaseHandler.h
Player::Operations::BaseHandler::Read	1	bool	constant (true)	0x8801d0	3	Player_Operations_BaseHandler.h
Player::Operations::BaseHandler::Write	1	bool	constant (true)	0x8801d0	3	Player_Operations_BaseHandler.h
Player::Operations::BribeClan::Read	1	bool	constant (true)	0x8801d0	3	Player_Operations_BribeClan.h
Player::Operations::BribeClan::Write	1	bool	constant (true)	0x8801d0	3	Player_Operations_BribeClan.h
Player::Operations::ExecuteScript::CanStart	1	bool	constant (true)	0x8801d0	3	Player_Operations_ExecuteScript.h
Player::Operations::ExecuteScript::Read	1	bool	constant (true)	0x8801d0	3	Player_Operations_ExecuteScript.h
Player::Operations::ExecuteScript::Write	1	bool	constant (true)	0x8801d0	3	Player_Operations_ExecuteScript.h
Player::Operations::HireClan::Read	1	bool	constant (true)	0x8801d0	3	Player_Operations_HireClan.h
Player::Operations::HireClan::Write	1	bool	constant (true)	0x8801d0	3	Player_Operations_HireClan.h
Player::Operations::InciteClan::Read	1	bool	constant (true)	0x8801d0	3	Player_Operations_InciteClan.h
Player::Operations::InciteClan::Write	1	bool	constant (true)	0x8801d0	3	Player_Operations_InciteClan.h
Player::Operations::RansomClan::Read	1	bool	constant (true)	0x8801d0	3	Player_Operations_RansomClan.h
Player::Operations::RansomClan::Write	1	bool	constant (true)	0x8801d0	3	Player_Operations_RansomClan.h
Player::Operations::StartObserverMode::CanStart	1	bool	constant (true)	0x8801d0	3	Player_Operations_StartObserverMode.h
Player::Operations::StartObserverMode::Read	1	bool	constant (true)	0x8801d0	3	Player_Operations_StartObserverMode.h
Player::Operations::StartObserverMode::Write	1	bool	constant (true)	0x8801d0	3	Player_Operations_StartObserverMode.h
Player::Religion::CanAffordPlot	0	bool	no windows symbol			Player_Religion.h
Quests::Logic::ClearBarbarianCamp::GetMaximumCampDistance	5	int	no windows symbol			Quests_Logic_ClearBarbarianCamp.h
Random::GetCallStackDebuggingEnabled	0	bool	no windows symbol			Random.h
Reporting::ConfigurationEvent::IsSuspended	0	bool	no windows symbol			Reporting_ConfigurationEvent.cpp
Reporting::Notification::CongressInSession::IsValidForPhase	1	bool	constant (true)	0x8801d0	3	Notification_CongressInSession.h
Reporting::Notification::CongressResults::IsExpired	0	bool	constant (false)	0x852e70	3	Notification_CongressResults.h
Reporting::Notification::CongressResults::IsValidForPhase	1	bool	constant (true)	0x8801d0	3	Notification_CongressResults.h
Reporting::Notification::DiplomacySession::IsDuplicate	0	bool	constant (false)	0x852e70	3	Notification_DiplomacySession.h
Reporting::Notification::Instance::IsValidForPhase	1	bool	constant (true)	0x8801d0	3	Notification_Instance.h
Rules::Appeal::Instance::GetID	0x997e7b28	uint	constant (0x997e7b28)	0x35fb40	6	Rules_Appeal.h
Rules::Buildings::Instance::GetID	0x216c57b7	uint	constant (0x216c57b7)	0x3600a0	6	Rules_Buildings.h
Rules::Cities::Instance::GetID	0xd65a8912	uint	constant (0xd65a8912)	0x361ae0	6	Rules_Cities.h
Rules::Civics::Instance::GetID	0x2a09e61f	uint	constant (0x2a09e61f)	0x363f70	6	Rules_Civics.h
Rules::Civilizations::Instance::GetID	0x2ea66215	uint	constant (0x2ea66215)	0x364050	6	Rules_Civilizations.h
Rules::Combat::Instance::GetID	0x8256dbe1	uint	constant (0x8256dbe1)	0x36a1b0	6	Rules_Combat.h
Rules::Diplomacy::Instance::GetID	0xfc731e25	uint	constant (0xfc731e25)	0x36c5f0	6	Rules_Diplomacy.h
Rules::Districts::Instance::GetID	0xd3def9cc	uint	constant (0xd3def9cc)	0x36cb80	6	Rules_Districts.h
Rules::Economic::Instance::GetID	0xe2d56ff4	uint	constant (0xe2d56ff4)	0x36f000	6	Rules_Economic.h
Rules::Era::Instance::GetID	0xffb92716	uint	constant (0xffb92716)	0x36f2b0	6	Rules_Era.h
Rules::Espionage::Instance::GetID	0x34668093	uint	constant (0x34668093)	0x371a20	6	Rules_Espionage.h
Rules::Governments::Instance::GetID	0xbf8f7586	uint	constant (0xbf8f7586)	0x373520	6	Rules_Governments.h
Rules::Improvements::Instance::GetID	0xd23c514a	uint	constant (0xd23c514a)	0x373b50	6	Rules_Improvement.h
Rules::Movement::Instance::GetID	0xcd11f644	uint	constant (0xcd11f644)	0x375d50	6	Rules_Movement.h
Rules::Placement::Instance::GetID	0xf3e6941e	uint	constant (0xf3e6941e)	0x3786a0	6	Rules_Placement.h
Rules::Players::Instance::GetID	0xe6f44243	uint	constant (0xe6f44243)	0x379080	6	Rules_Player.h
Rules::Religions::Instance::GetID	0x64423157	uint	constant (0x64423157)	0x379940	6	Rules_Religions.h
Rules::Techs::Instance::GetID	0xe09a3f3c	uint	constant (0xe09a3f3c)	0x379a20	6	Rules_Techs.h
Rules::Units::Instance::GetID	0xe11b4906	uint	constant (0xe11b4906)	0x37b510	6	Rules_Units.h
Rules::Yields::Instance::GetID	0x83626bbf	uint	constant (0x83626bbf)	0x37c4e0	6	Rules_Yield.h
Serialization::MemoryOStream::IsMemoryStream	1	bool	no windows symbol			Serialization_MemoryStreams.h
SharedParameters::Instance::Write	0	bool	constant (false)	0x852e70	3	SharedParameters.h
Trade::Manager::IsInstantRoadPlacement	0	bool	no windows symbol			Trade_Manager.h
Trade::Movement::PathDestValid	1	int	constant (1)	0x53c780	6	Trade_Movement.h
Tutorial::Instance::OnUnitMoveTo	0	Tutorial::TutorialResults	constant (0)	0x478f10	3	Tutorial_Instance.h
Unit::Commands::BaseHandler::GetResults	0	bool	constant (false)	0x852e70	3	Unit_Commands_BaseHandler.h
Unit::Commands::HarvestWonder::CanStart	0	bool	constant (false)	0x852e70	3	Unit_Commands_HarvestWonder.h
Unit::Instance::GetNoDefensiveBonusCount	0	int	no windows symbol			Unit_Instance.h
Unit::Instance::IsCargo	0	bool	no windows symbol			Unit_Instance.h
Unit::Instance::IsSuicide	0	bool	no windows symbol			Unit_Instance.h
Unit::Operations::AirAttack::GetOperationHash	0x1f633b1e	Unit::Operations::Types::TypeHash	no windows symbol			Unit_Operations_AirAttack.h
Unit::Operations::Alert::GetOperationHash	0xe547bc17	Unit::Operations::Types::TypeHash	no windows symbol			Unit_Operations_Alert.h
Unit::Operations::AutomateExplore::CheckComplete	0	bool	constant (false)	0x852e70	3	Unit_Operations_AutomateExplore.h
Unit::Operations::AutomateExplore::GetOperationHash	0x9c0b44c6	Unit::Operations::Types::TypeHash	no windows symbol			Unit_Operations_AutomateExplore.h
Unit::Operations::BaseHandler::CalculateTimer	ecx	int	logic	0x663f00	4	Unit_Operations_BaseHandler.h
Unit::Operations::BaseHandler::CanBeInterrupted	1	bool	constant (true)	0x8801d0	3	Unit_Operations_BaseHandler.h
Unit::Operations::BaseHandler::CanStart	0	bool	no windows symbol			Unit_Operations_BaseHandler.h
Unit::Operations::BaseHandler::CheckAutoStart	1	bool	constant (true)	0x8801d0	3	Unit_Operations_BaseHandler.h
Unit::Operations::BaseHandler::CheckInsert	1	bool	constant (true)	0x8801d0	3	Unit_Operations_BaseHandler.h
Unit::Operations::BaseHandler::GetTargetPlot	0	const Map::Plot::Instance*	constant (0)	0x478f10	3	Unit_Operations_BaseHandler.h
Unit::Operations::BaseHandler::GetTimeToComplete	0	int	constant (0)	0x478f10	3	Unit_Operations_BaseHandler.h
Unit::Operations::BaseHandler::TimerComplete	0	bool	constant (false)	0x852e70	3	Unit_Operations_BaseHandler.h
Unit::Operations::BaseHandler::TurnStartCheck	0	bool	constant (false)	0x852e70	3	Unit_Operations_BaseHandler.h
Unit::Operations::BaseHandler::Update	0	bool	constant (false)	0x852e70	3	Unit_Operations_BaseHandler.h
Unit::Operations::BuildDistrict::GetOperationHash	0	Unit::Operations::Types::TypeHash	no windows symbol			Unit_Operations_BuildDistrict.h
Unit::Operations::BuildImprovement::GetOperationHash	0x1d60e778	Unit::Operations::Types::TypeHash	no windows symbol			Unit_Operations_BuildImprovement.h
Unit::Operations::BuildRoute::GetOperationHash	0x6e68aef	Unit::Operations::Types::TypeHash	no windows symbol			Unit_Operations_BuildRoute.h
Unit::Operations::ClearContamination::GetOperationHash	0x9582ab1e	Unit::Operations::Types::TypeHash	no windows symbol			Unit_Operations_ClearContamination.h
Unit::Operations::CoastalRaid::GetOperationHash	0xcfb9b561	Unit::Operations::Types::TypeHash	no windows symbol			Unit_Operations_CoastalRaid.h
Unit::Operations::ConvertBarbarians::GetOperationHash	0x4cab9003	Unit::Operations::Types::TypeHash	no windows symbol			Unit_Operations_ConvertBarbarians.h
Unit::Operations::Deploy::GetOperationHash	0x14153aa4	Unit::Operations::Types::TypeHash	no windows symbol			Unit_Operations_Deploy.h
Unit::Operations::DesignatePark::GetOperationHash	0x3d7d2377	Unit::Operations::Types::TypeHash	no windows symbol			Unit_Operations_DesignatePark.h
Unit::Operations::Disembark::CanStart	0	bool	constant (false)	0x852e70	3	Unit_Operations_Disembark.h
Unit::Operations::Disembark::GetOperationHash	0x324e52e7	Unit::Operations::Types::TypeHash	no windows symbol			Unit_Operations_Disembark.h
Unit::Operations::Embark::CanStart	0	bool	constant (false)	0x852e70	3	Unit_Operations_Embark.h
Unit::Operations::Embark::GetOperationHash	0x1124b3d3	Unit::Operations::Types::TypeHash	no windows symbol			Unit_Operations_Embark.h
Unit::Operations::EvangelizeBelief::GetOperationHash	0xa4a61aed	Unit::Operations::Types::TypeHash	no windows symbol			Unit_Operations_EvangelizeBelief.h
Unit::Operations::ExecuteScript::GetOperationHash	0xa590ba46	Unit::Operations::Types::TypeHash	no windows symbol			Unit_Operations_ExecuteScript.h
Unit::Operations::ExtractArtifact::GetOperationHash	0x5c533acc	Unit::Operations::Types::TypeHash	no windows symbol			Unit_Operations_ExtractArtifact.h
Unit::Operations::Fortify::GetOperationHash	0xd3a6f7e8	Unit::Operations::Types::TypeHash	no windows symbol			Unit_Operations_Fortify.h
Unit::Operations::FoundCity::GetOperationHash	0x5733ac6c	Unit::Operations::Types::TypeHash	no windows symbol			Unit_Operations_FoundCity.h
Unit::Operations::FoundReligion::GetOperationHash	0xc72fe8fb	Unit::Operations::Types::TypeHash	no windows symbol			Unit_Operations_FoundReligion.h
Unit::Operations::HarvestResource::GetOperationHash	0xf4027acc	Unit::Operations::Types::TypeHash	no windows symbol			Unit_Operations_HarvestResource.h
Unit::Operations::Heal::GetOperationHash	0x7eb896fb	Unit::Operations::Types::TypeHash	no windows symbol			Unit_Operations_Heal.h
Unit::Operations::LaunchInquisition::GetOperationHash	0xbcc1d2a7	Unit::Operations::Types::TypeHash	no windows symbol			Unit_Operations_LaunchInquisition.h
Unit::Operations::MakeTradeRoute::CanBeInterrupted	0	bool	constant (false)	0x852e70	3	Unit_Operations_MakeTradeRoute.h
Unit::Operations::MakeTradeRoute::GetOperationHash	0x8374d954	Unit::Operations::Types::TypeHash	no windows symbol			Unit_Operations_MakeTradeRoute.h
Unit::Operations::Manager::IsDoingPartialMove	0	bool	constant (false)	0x852e70	3	Unit_Operations_Manager.h
Unit::Operations::MoveTo::ChangeSelectionCycle	0	bool	constant (false)	0x852e70	3	Unit_Operations_MoveTo.h
Unit::Operations::MoveTo::GetOperationHash	0x580f2f68	Unit::Operations::Types::TypeHash	no windows symbol			Unit_Operations_MoveTo.h
Unit::Operations::MoveTo::TimerComplete	0	bool	constant (false)	0x852e70	3	Unit_Operations_MoveTo.h
Unit::Operations::MoveToUnit::GetOperationHash	0x59047564	Unit::Operations::Types::TypeHash	no windows symbol			Unit_Operations_MoveToUnit.h
Unit::Operations::MoveToUnit::Update	0	bool	constant (false)	0x852e70	3	Unit_Operations_MoveToUnit.h
Unit::Operations::Pillage::GetOperationHash	0x4885d724	Unit::Operations::Types::TypeHash	no windows symbol			Unit_Operations_Pillage.h
Unit::Operations::PillageRoute::GetOperationHash	0xcd8cd1ee	Unit::Operations::Types::TypeHash	no windows symbol			Unit_Operations_PillageRoute.h
Unit::Operations::PlantForest::GetOperationHash	0x2c5b585e	Unit::Operations::Types::TypeHash	no windows symbol			Unit_Operations_PlantForest.h
Unit::Operations::RangeAttack::GetOperationHash	0x9d0292a	Unit::Operations::Types::TypeHash	no windows symbol			Unit_Operations_RangeAttack.h
Unit::Operations::ReBase::GetOperationHash	0xc124d677	Unit::Operations::Types::TypeHash	no windows symbol			Unit_Operations_ReBase.h
Unit::Operations::ReligiousHeal::GetOperationHash	0xb2bdb074	Unit::Operations::Types::TypeHash	no windows symbol			Unit_Operations_ReligiousHeal.h
Unit::Operations::RemoveFeature::GetOperationHash	0xd1fde2e6	Unit::Operations::Types::TypeHash	no windows symbol			Unit_Operations_RemoveFeature.h
Unit::Operations::RemoveHeresy::GetOperationHash	0xe24f39a9	Unit::Operations::Types::TypeHash	no windows symbol			Unit_Operations_RemoveHeresy.h
Unit::Operations::RemoveImprovement::GetOperationHash	0xb1a33524	Unit::Operations::Types::TypeHash	no windows symbol			Unit_Operations_RemoveImprovement.h
Unit::Operations::Repair::GetOperationHash	0x8ca367f	Unit::Operations::Types::TypeHash	no windows symbol			Unit_Operations_Repair.h
Unit::Operations::RepairRoute::GetOperationHash	0xd9c021e	Unit::Operations::Types::TypeHash	no windows symbol			Unit_Operations_RepairRoute.h
Unit::Operations::RestRepair::GetOperationHash	0x7d63187b	Unit::Operations::Types::TypeHash	no windows symbol			Unit_Operations_RestRepair.h
Unit::Operations::Retrain::CanStart	0	bool	constant (false)	0x852e70	3	Unit_Operations_Retrain.h
Unit::Operations::Retrain::GetOperationHash	0x41df0e9f	Unit::Operations::Types::TypeHash	no windows symbol			Unit_Operations_Retrain.h
Unit::Operations::RouteTo::CanStart	0	bool	constant (false)	0x852e70	3	Unit_Operations_RouteTo.h
Unit::Operations::RouteTo::GetOperationHash	0x411ac6df	Unit::Operations::Types::TypeHash	no windows symbol			Unit_Operations_RouteTo.h
Unit::Operations::RouteTo::Update	0	bool	constant (false)	0x852e70	3	Unit_Operations_RouteTo.h
Unit::Operations::SkipTurn::GetOperationHash	0x2c681908	Unit::Operations::Types::TypeHash	no windows symbol			Unit_Operations_SkipTurn.h
Unit::Operations::Sleep::GetOperationHash	0xfd89387a	Unit::Operations::Types::TypeHash	no windows symbol			Unit_Operations_Sleep.h
Unit::Operations::SpreadReligion::GetOperationHash	0x5eea3a1a	Unit::Operations::Types::TypeHash	no windows symbol			Unit_Operations_SpreadReligion.h
Unit::Operations::SpyCounterspy::GetOperationHash	0x886ffcd1	Unit::Operations::Types::TypeHash	no windows symbol			Unit_Operations_SpyCounterspy.h
Unit::Operations::SpyDisruptRocketry::GetOperationHash	0xc31647e8	Unit::Operations::Types::TypeHash	no windows symbol			Unit_Operations_SpyDisruptRocketry.h
Unit::Operations::SpyGainSources::GetOperationHash	0xed72b77d	Unit::Operations::Types::TypeHash	no windows symbol			Unit_Operations_SpyGainSources.h
Unit::Operations::SpyGreatWorkHeist::GetOperationHash	0x1cf0d742	Unit::Operations::Types::TypeHash	no windows symbol			Unit_Operations_SpyGreatWorkHeist.h
Unit::Operations::SpyListeningPost::GetOperationHash	0xc70c4768	Unit::Operations::Types::TypeHash	no windows symbol			Unit_Operations_SpyListeningPost.h
Unit::Operations::SpyRecruitPartisans::GetOperationHash	0xd575985b	Unit::Operations::Types::TypeHash	no windows symbol			Unit_Operations_SpyRecruitPartisans.h
Unit::Operations::SpySabotageProduction::GetOperationHash	0x9c1ecc1	Unit::Operations::Types::TypeHash	no windows symbol			Unit_Operations_SpySabotageProduction.h
Unit::Operations::SpySiphonFunds::GetOperationHash	0x223eea54	Unit::Operations::Types::TypeHash	no windows symbol			Unit_Operations_SpySiphonFunds.h
Unit::Operations::SpyStealTechBoost::GetOperationHash	0xd8687469	Unit::Operations::Types::TypeHash	no windows symbol			Unit_Operations_SpyStealTechBoost.h
Unit::Operations::SpyTravelNewCity::GetOperationHash	0xb2cca377	Unit::Operations::Types::TypeHash	no windows symbol			Unit_Operations_SpyTravelNewCity.h
Unit::Operations::SpyZombify::GetOperationHash	0x8c676517	Unit::Operations::Types::TypeHash	no windows symbol			Unit_Operations_SpyZombify.h
Unit::Operations::SwapUnits::GetOperationHash	0x7fa205d1	Unit::Operations::Types::TypeHash	no windows symbol			Unit_Operations_SwapUnits.h
Unit::Operations::TeleportTo::GetOperationHash	0xc8ce5dfb	Unit::Operations::Types::TypeHash	no windows symbol			Unit_Operations_TeleportTo.h
Unit::Operations::TeleportToCity::GetOperationHash	0x1e5838b9	Unit::Operations::Types::TypeHash	no windows symbol			Unit_Operations_TeleportToCity.h
Unit::Operations::Upgrade::CanStart	0	bool	constant (false)	0x852e70	3	Unit_Operations_Upgrade.h
Unit::Operations::Upgrade::GetOperationHash	0xd25fe9ae	Unit::Operations::Types::TypeHash	no windows symbol			Unit_Operations_Upgrade.h
Unit::Operations::WMDStrike::GetOperationHash	0x98eca9ea	Unit::Operations::Types::TypeHash	no windows symbol			Unit_Operations_WMDStrike.h
Unit::Operations::WaitFor::CanStart	1	bool	constant (true)	0x8801d0	3	Unit_Operations_WaitFor.h
Unit::Operations::WaitFor::GetOperationHash	0xcbb2f941	Unit::Operations::Types::TypeHash	no windows symbol			Unit_Operations_WaitFor.h
Unit::Operations::XP1::SpyCounterspy::GetOperationHash	0x886ffcd1	Unit::Operations::Types::TypeHash	no windows symbol			XP1_Unit_Operations_SpyCounterspy.h
Unit::Operations::XP1::SpyDisruptRocketry::GetOperationHash	0xc31647e8	Unit::Operations::Types::TypeHash	no windows symbol			XP1_Unit_Operations_SpyDisruptRocketry.h
Unit::Operations::XP1::SpyFabricateScandal::GetOperationHash	0x96b7df5a	Unit::Operations::Types::TypeHash	no windows symbol			XP1_Unit_Operations_SpyFabricateScandal.h
Unit::Operations::XP1::SpyFomentUnrest::GetOperationHash	0xa5d4e1a9	Unit::Operations::Types::TypeHash	no windows symbol			XP1_Unit_Operations_SpyFomentUnrest.h
Unit::Operations::XP1::SpyGainSources::GetOperationHash	0xed72b77d	Unit::Operations::Types::TypeHash	no windows symbol			XP1_Unit_Operations_SpyGainSources.h
Unit::Operations::XP1::SpyGreatWorkHeist::GetOperationHash	0x1cf0d742	Unit::Operations::Types::TypeHash	no windows symbol			XP1_Unit_Operations_SpyGreatWorkHeist.h
Unit::Operations::XP1::SpyListeningPost::GetOperationHash	0xc70c4768	Unit::Operations::Types::TypeHash	no windows symbol			XP1_Unit_Operations_SpyListeningPost.h
Unit::Operations::XP1::SpyNeutralizeGovernor::GetOperationHash	0xc08a9ad9	Unit::Operations::Types::TypeHash	no windows symbol			XP1_Unit_Operations_SpyNeutralizeGovernor.h
Unit::Operations::XP1::SpyRecruitPartisans::GetOperationHash	0xd575985b	Unit::Operations::Types::TypeHash	no windows symbol			XP1_Unit_Operations_SpyRecruitPartisans.h
Unit::Operations::XP1::SpySabotageProduction::GetOperationHash	0x9c1ecc1	Unit::Operations::Types::TypeHash	no windows symbol			XP1_Unit_Operations_SpySabotageProduction.h
Unit::Operations::XP1::SpySiphonFunds::GetOperationHash	0x223eea54	Unit::Operations::Types::TypeHash	no windows symbol			XP1_Unit_Operations_SpySiphonFunds.h
Unit::Operations::XP1::SpyStealTechBoost::GetOperationHash	0xd8687469	Unit::Operations::Types::TypeHash	no windows symbol			XP1_Unit_Operations_SpyStealTechBoost.h
Unit::Operations::XP1::SpyTravelNewCity::GetOperationHash	0xb2cca377	Unit::Operations::Types::TypeHash	no windows symbol			XP1_Unit_Operations_SpyTravelNewCity.h
Unit::Operations::XP1::TeleportToCity::GetOperationHash	0x1e5838b9	Unit::Operations::Types::TypeHash	no windows symbol			XP1_Unit_Operations_TeleportToCity.h
Unit::Operations::XP2::BuildImprovement::GetOperationHash	0x1d60e778	Unit::Operations::Types::TypeHash	no windows symbol			XP2_Unit_Operations_BuildImprovement.h
Unit::Operations::XP2::BuildImprovementAdjacent::GetOperationHash	0x38541ac6	Unit::Operations::Types::TypeHash	no windows symbol			XP2_Unit_Operations_BuildImprovementAdjacent.h
Unit::Operations::XP2::BuildRoute::GetOperationHash	0x6e68aef	Unit::Operations::Types::TypeHash	no windows symbol			XP2_Unit_Operations_BuildRoute.h
Unit::Operations::XP2::CoastalRaid::GetOperationHash	0xcfb9b561	Unit::Operations::Types::TypeHash	no windows symbol			XP2_Unit_Operations_CoastalRaid.h
Unit::Operations::XP2::MakeTradeRoute::GetOperationHash	0x8374d954	Unit::Operations::Types::TypeHash	no windows symbol			XP2_Unit_Operations_MakeTradeRoute.h
Unit::Operations::XP2::Pillage::GetOperationHash	0x4885d724	Unit::Operations::Types::TypeHash	no windows symbol			XP2_Unit_Operations_Pillage.h
Unit::Operations::XP2::RemoveFeature::GetOperationHash	0xd1fde2e6	Unit::Operations::Types::TypeHash	no windows symbol			XP2_Unit_Operations_RemoveFeature.h
Unit::Operations::XP2::RemoveImprovement::GetOperationHash	0xb1a33524	Unit::Operations::Types::TypeHash	no windows symbol			XP2_Unit_Operations_RemoveImprovement.h
Unit::Operations::XP2::Repair::GetOperationHash	0x8ca367f	Unit::Operations::Types::TypeHash	no windows symbol			XP2_Unit_Operations_Repair.h
Unit::Operations::XP2::RestRepair::GetOperationHash	0x7d63187b	Unit::Operations::Types::TypeHash	no windows symbol			XP2_Unit_Operations_RestRepair.h
Unit::Operations::XP2::SpreadReligion::GetOperationHash	0x5eea3a1a	Unit::Operations::Types::TypeHash	no windows symbol			XP2_Unit_Operations_SpreadReligion.h
Unit::Operations::XP2::SpyBreachDam::GetOperationHash	0xf4921fdc	Unit::Operations::Types::TypeHash	no windows symbol			XP2_Unit_Operations_SpyBreachDam.h
Unit::Operations::XP2::TourismBomb::GetOperationHash	0x852ce4df	Unit::Operations::Types::TypeHash	no windows symbol			XP2_Unit_Operations_TourismBomb.h
Unit::Operations::XP3::CauseDisaster::GetOperationHash	0xa92585ad	Unit::Operations::Types::TypeHash	no windows symbol			Unit_Operations_CauseDisaster.h
Unit::Operations::XP3::SacrificeUnit::GetOperationHash	0x6e290af6	Unit::Operations::Types::TypeHash	no windows symbol			Unit_Operations_SacrificeUnit.h
Unit::Placement::CanShareLocation	0	bool	no windows symbol			Unit_Placement.h
Unit::Placement::Validate	1	Unit::Placement::PLACEMENT_RESULT	no windows symbol			Unit_Placement.h
Unit::Placement::ValidateRange	1	Unit::Placement::PLACEMENT_RESULT	no windows symbol			Unit_Placement.h
Utilities::GetChecksumSeed	0xffffffff	uint	constant (-1)	0x1febf0	4	Utilities.cpp
WorldBuilder::City::CommandCreate::GetType	0x390f11b4	uint	constant (0x390f11b4)	0x6071f0	6	WorldBuilder_City_Manager.h
WorldBuilder::City::CommandCreateBuilding::CanRedo	1	bool	constant (true)	0x8801d0	3	WorldBuilder_City_Manager.h
WorldBuilder::City::CommandCreateBuilding::GetType	0x5d2ccbe4	uint	constant (0x5d2ccbe4)	0x607200	6	WorldBuilder_City_Manager.h
WorldBuilder::City::CommandCreateDistrict::CanRedo	1	bool	constant (true)	0x8801d0	3	WorldBuilder_City_Manager.h
WorldBuilder::City::CommandCreateDistrict::GetType	0x8d82feb7	uint	constant (0x8d82feb7)	0x607210	6	WorldBuilder_City_Manager.h
WorldBuilder::City::CommandRemove::GetType	0xde59ec7f	uint	constant (0xde59ec7f)	0x607220	6	WorldBuilder_City_Manager.h
WorldBuilder::City::CommandRemoveBuilding::CanRedo	1	bool	constant (true)	0x8801d0	3	WorldBuilder_City_Manager.h
WorldBuilder::City::CommandRemoveBuilding::GetType	0x3f6a3bb9	uint	constant (0x3f6a3bb9)	0x607230	6	WorldBuilder_City_Manager.h
WorldBuilder::City::CommandRemoveDistrict::CanRedo	1	bool	constant (true)	0x8801d0	3	WorldBuilder_City_Manager.h
WorldBuilder::City::CommandRemoveDistrict::GetType	0xefc40eea	uint	constant (0xefc40eea)	0x607240	6	WorldBuilder_City_Manager.h
WorldBuilder::City::CommandSetPlotOwner::CanRedo	1	bool	constant (true)	0x8801d0	3	WorldBuilder_City_Manager.h
WorldBuilder::City::CommandSetPlotOwner::GetType	0xd148249e	uint	constant (0xd148249e)	0x607250	6	WorldBuilder_City_Manager.h
WorldBuilder::City::Manager::RemoveAllBuildings	0	bool	no windows symbol			WorldBuilder_City_Manager.h
WorldBuilder::City::Manager::RemoveAllDistricts	0	bool	no windows symbol			WorldBuilder_City_Manager.h
WorldBuilder::City::Serializer::GetRemappingList	1	bool	constant (true)	0x8801d0	3	WorldBuilder_City_Serializer.h
WorldBuilder::Command::BlockCommand::GetType	0x16244647	uint	constant (0x16244647)	0x609c60	6	WorldBuilder_Command_Manager.h
WorldBuilder::Command::Instance::IsValid	1	bool	constant (true)	0x8801d0	3	WorldBuilder_Command_Instance.h
WorldBuilder::Map::CommandEditCliff::GetType	0x389d71b2	uint	constant (0x389d71b2)	0x60d180	6	WorldBuilder_Map_Manager.h
WorldBuilder::Map::CommandEditRiver::GetType	0x29ac508a	uint	constant (0x29ac508a)	0x60d190	6	WorldBuilder_Map_Manager.h
WorldBuilder::Map::CommandSetFeature::GetType	0xe925fc8c	uint	constant (0xe925fc8c)	0x60d1a0	6	WorldBuilder_Map_Manager.h
WorldBuilder::Map::CommandSetImprovement::GetType	0xa4f6b604	uint	constant (0xa4f6b604)	0x60d1b0	6	WorldBuilder_Map_Manager.h
WorldBuilder::Map::CommandSetResource::GetType	0x2ebae274	uint	constant (0x2ebae274)	0x60d1c0	6	WorldBuilder_Map_Manager.h
WorldBuilder::Map::CommandSetRevealed::GetType	0x346b06fc	uint	constant (0x346b06fc)	0x60d1d0	6	WorldBuilder_Map_Manager.h
WorldBuilder::Map::CommandSetRoute::GetType	0x4286aac7	uint	constant (0x4286aac7)	0x60d1e0	6	WorldBuilder_Map_Manager.h
WorldBuilder::Map::CommandSetTerrain::GetType	0x3e84da5b	uint	constant (0x3e84da5b)	0x60d1f0	6	WorldBuilder_Map_Manager.h
WorldBuilder::Map::PlotFeatureHandler::Validate	1	bool	constant (true)	0x8801d0	3	WorldBuilder_Map_Values.h
WorldBuilder::Player::CommandInitialize::GetType	0xc65235f6	uint	constant (0xc65235f6)	0x616a10	6	WorldBuilder_Player_Manager.h
WorldBuilder::Player::CommandSetCivic::GetType	0xf543f566	uint	constant (0xf543f566)	0x616a20	6	WorldBuilder_Player_Manager.h
WorldBuilder::Player::CommandSetEra::GetType	0x764958a7	uint	constant (0x764958a7)	0x616a30	6	WorldBuilder_Player_Manager.h
WorldBuilder::Player::CommandSetFaith::GetType	0xbbec9e	uint	constant (0xbbec9e)	0x616a40	6	WorldBuilder_Player_Manager.h
WorldBuilder::Player::CommandSetGold::GetType	0x690e3026	uint	constant (0x690e3026)	0x616a50	6	WorldBuilder_Player_Manager.h
WorldBuilder::Player::CommandSetLeader::GetType	0x1849697f	uint	constant (0x1849697f)	0x616a60	6	WorldBuilder_Player_Manager.h
WorldBuilder::Player::CommandSetStartPos::GetType	0x23d2a0f6	uint	constant (0x23d2a0f6)	0x616a70	6	WorldBuilder_Player_Manager.h
WorldBuilder::Player::CommandSetTech::GetType	0xc85771f4	uint	constant (0xc85771f4)	0x616a80	6	WorldBuilder_Player_Manager.h
WorldBuilder::Player::CommandUninitialize::GetType	0xe592b04f	uint	constant (0xe592b04f)	0x616a90	6	WorldBuilder_Player_Manager.h
WorldBuilder::Player::Serializer::PlayerIDToSerializedID	edi	int	logic	0x618bf0	3	WorldBuilder_Player_Serializer.h
WorldBuilder::Unit::CommandCreate::GetType	0x7b055aac	uint	constant (0x7b055aac)	0x61c9e0	6	WorldBuilder_Unit_Manager.h
WorldBuilder::Unit::CommandRemove::GetType	0x9c53a767	uint	constant (0x9c53a767)	0x61c9f0	6	WorldBuilder_Unit_Manager.h
WorldBuilder::Unit::Serializer::GetRemappingList	1	bool	constant (true)	0x8801d0	3	WorldBuilder_Unit_Serializer.h
WorldBuilder::ValueChangeHandler::SetOriginal	1	bool	no windows symbol			WorldBuilder_Value_Manager.h
WorldBuilder::ValueChangeHandler::SetTarget	1	bool	no windows symbol			WorldBuilder_Value_Manager.h
WorldBuilder::ValueChangeHandler::Validate	1	bool	constant (true)	0x8801d0	3	WorldBuilder_Value_Manager.h
