name	linux_type	linux_size	section	old_rva	new_rva	win_refs	win_vote_share
GameCore::AI::AI_AddReligiousBuilding	GameCore::AI::AddReligiousBuildingEffect	8	.data	0xb63bf0	0xb65bf0	1	1.00
GameCore::AI::AI_AddReligiousBuildingMult	GameCore::AI::AddReligiousBuildingMultEffect	8	.data	0xb63bf8	0xb65bf8	1	1.00
GameCore::AI::AI_AddReligiousUnit	GameCore::AI::AddReligiousUnitEffect	8	.data	0xb63c00	0xb65c00	1	1.00
GameCore::AI::AI_AdjacentDistrict	GameCore::AI::PlotAdjacentToDistrictRequirement	8	.data	0xb64478	0xb66478	1	1.00
GameCore::AI::AI_AdjacentFeature	GameCore::AI::PlotAdjacentToFeatureRequirement	8	.data	0xb64490	0xb66490	1	1.00
GameCore::AI::AI_AdjacentImprovement	GameCore::AI::PlotAdjacentToImprovementRequirement	8	.data	0xb64498	0xb66498	1	1.00
GameCore::AI::AI_AdjacentOwner	GameCore::AI::PlotAdjacentToOwnerRequirement	8	.data	0xb644a0	0xb664a0	1	1.00
GameCore::AI::AI_AdjacentResource	GameCore::AI::PlotAdjacentToResourceRequirement	8	.data	0xb644b0	0xb664b0	1	1.00
GameCore::AI::AI_AdjacentRiver	GameCore::AI::PlotAdjacentToRiverRequirement	8	.data	0xb644b8	0xb664b8	1	1.00
GameCore::AI::AI_AdjacentToCoast	GameCore::AI::PlotAdjacentToCoastRequirement	8	.data	0xb64480	0xb66480	1	1.00
GameCore::AI::AI_AdjacentToLake	GameCore::AI::PlotAdjacentToLakeRequirement	8	.data	0xb64488	0xb66488	1	1.00
GameCore::AI::AI_AdjacentWonder	GameCore::AI::PlotAdjacentToWonderRequirement	8	.data	0xb644a8	0xb664a8	1	1.00
GameCore::AI::AI_AdjustCityEntertainment	GameCore::AI::AdjustCityEntertainmentEffect	8	.data	0xb63c78	0xb65c78	1	1.00
GameCore::AI::AI_AdjustCityExtraAccumulation	GameCore::AI::AdjustCityExtraAccumulationEffect	8	.data	0xb63c80	0xb65c80	1	1.00
GameCore::AI::AI_AdjustCityExtraAmenityForLuxuryDiversity	GameCore::AI::AdjustCityExtraAmenityForLuxuryDiversityEffect	8	.data	0xb63c88	0xb65c88	1	1.00
GameCore::AI::AI_AdjustCitySpyYield	GameCore::AI::AdjustCitySpyYieldEffect	8	.data	0xb64060	0xb66060	1	1.00
GameCore::AI::AI_AdjustPlotYield	GameCore::AI::AdjustPlotYieldEffect	8	.data	0xb63fd8	0xb65fd8	1	1.00
GameCore::AI::AI_AdjustProjectProduction	GameCore::AI::AdjustProjectProductionEffect	8	.data	0xb63fe0	0xb65fe0	1	1.00
GameCore::AI::AI_AdjustResourcePowerGovernor	GameCore::AI::AdjustResourcePowerGovernorEffect	8	.data	0xb63fe8	0xb65fe8	1	1.00
GameCore::AI::AI_AllCapitalCities	GameCore::AI::AllCapitalCitiesAnalyzer	8	.data	0xb63b10	0xb65b10	1	1.00
GameCore::AI::AI_AllCapitalDistricts	GameCore::AI::AllCapitalDistrictsAnalyzer	8	.data	0xb63b18	0xb65b18	1	1.00
GameCore::AI::AI_AllCities	GameCore::AI::AllCitiesAnalyzer	8	.data	0xb63b20	0xb65b20	1	1.00
GameCore::AI::AI_AllPlayers	GameCore::AI::AllPlayersAnalyzer	8	.data	0xb63b30	0xb65b30	1	1.00
GameCore::AI::AI_AllUnits	GameCore::AI::AllUnitsAnalyzer	8	.data	0xb63b38	0xb65b38	1	1.00
GameCore::AI::AI_AllianceCities	GameCore::AI::AllianceCitiesAnalyzer	8	.data	0xb63b40	0xb65b40	1	1.00
GameCore::AI::AI_AllianceCombats	GameCore::AI::AllianceCombatsAnalyzer	8	.data	0xb63b48	0xb65b48	1	1.00
GameCore::AI::AI_AllianceEnvoys	GameCore::AI::AdjustAllianceEnvoysEffect	8	.data	0xb63f80	0xb65f80	1	1.00
GameCore::AI::AI_AlliancePlayerStrength	GameCore::AI::AdjustAlliancePlayerStrengthEffect	8	.data	0xb63f88	0xb65f88	1	1.00
GameCore::AI::AI_AlliancePlayers	GameCore::AI::AlliancePlayersAnalyzer	8	.data	0xb63b50	0xb65b50	1	1.00
GameCore::AI::AI_AllianceResearch	GameCore::AI::AdjustAllianceResearchAgreementEffect	8	.data	0xb63f90	0xb65f90	1	1.00
GameCore::AI::AI_AllianceScience	GameCore::AI::AdjustAllianceScienceEffect	8	.data	0xb63f98	0xb65f98	1	1.00
GameCore::AI::AI_AllianceTourism	GameCore::AI::AdjustAllianceTourismEffect	8	.data	0xb63fa0	0xb65fa0	1	1.00
GameCore::AI::AI_AllianceTradeRoute	GameCore::AI::AllianceTradeRouteRequirement	8	.data	0xb64540	0xb66540	1	1.00
GameCore::AI::AI_AllianceTradeRoutes	GameCore::AI::AllianceTradeRoutesAnalyzer	8	.data	0xb63b60	0xb65b60	1	1.00
GameCore::AI::AI_AllianceTrainedUnits	GameCore::AI::AllianceTrainedUnitsAnalyzer	8	.data	0xb63b58	0xb65b58	1	1.00
GameCore::AI::AI_AllianceUnits	GameCore::AI::AllianceUnitsAnalyzer	8	.data	0xb63b68	0xb65b68	1	1.00
GameCore::AI::AI_AllianceYieldFromReligion	GameCore::AI::AdjustAllianceYieldFromReligionEffect	8	.data	0xb63fa8	0xb65fa8	1	1.00
GameCore::AI::AI_AlwaysMet	GameCore::AI::AlwaysMetRequirement	8	.data	0xb64350	0xb66350	1	1.00
GameCore::AI::AI_AttachModifier	GameCore::AI::AttachModifierEffect	8	.data	0xb64188	0xb66188	1	1.00
GameCore::AI::AI_BanCityProduction	GameCore::AI::AdjustBanCityProductionEffect	8	.data	0xb63d98	0xb65d98	1	1.00
GameCore::AI::AI_BanResource	GameCore::AI::AdjustBanResourceEffect	8	.data	0xb63da0	0xb65da0	1	1.00
GameCore::AI::AI_BorderGrowth	GameCore::AI::AdjustCityBorderEffect	8	.data	0xb63c70	0xb65c70	1	1.00
GameCore::AI::AI_BuildingHousing	GameCore::AI::AdjustBuildingHousingEffect	8	.data	0xb63c10	0xb65c10	1	1.00
GameCore::AI::AI_BuildingProduction	GameCore::AI::AdjustBuildingProductionEffect	8	.data	0xb63c18	0xb65c18	1	1.00
GameCore::AI::AI_BuildingYieldChange	GameCore::AI::AdjustBuildingYieldEffect	8	.data	0xb63c28	0xb65c28	1	1.00
GameCore::AI::AI_BuildingYieldForDistrictModifier	GameCore::AI::AdjustBuildingYieldForDistrictEffect	8	.data	0xb63c38	0xb65c38	1	1.00
GameCore::AI::AI_BuildingYieldModifier	GameCore::AI::AdjustBuildingYieldModifier	8	.data	0xb63c30	0xb65c30	1	1.00
GameCore::AI::AI_CityAirDefense	GameCore::AI::AdjustCityAirDefenseEffect	8	.data	0xb63c40	0xb65c40	1	1.00
GameCore::AI::AI_CityAmeneties	GameCore::AI::AdjustCityAmenetiesEffect	8	.data	0xb63c48	0xb65c48	1	1.00
GameCore::AI::AI_CityAmenetiesGov	GameCore::AI::AdjustCityAmenetiesGovEffect	8	.data	0xb63c50	0xb65c50	1	1.00
GameCore::AI::AI_CityAttacks	GameCore::AI::AdjustCityAttacksEffect	8	.data	0xb63c58	0xb65c58	1	1.00
GameCore::AI::AI_CityCombatBonus	GameCore::AI::AdjustCityCombatBonusEffect	8	.data	0xb63c60	0xb65c60	1	1.00
GameCore::AI::AI_CityCorpsArmyProduction	GameCore::AI::AdjustCityCorpsArmyProductionEffect	8	.data	0xb63c68	0xb65c68	1	1.00
GameCore::AI::AI_CityDistrictProduction	GameCore::AI::CityDistrictProductionEffect	8	.data	0xb64180	0xb66180	1	1.00
GameCore::AI::AI_CityDistrictYield	GameCore::AI::AdjustCityDistrictYieldEffect	8	.data	0xb63ca0	0xb65ca0	1	1.00
GameCore::AI::AI_CityDistricts	GameCore::AI::CityDistrictsAnalyzer	8	.data	0xb63b70	0xb65b70	1	1.00
GameCore::AI::AI_CityFreePower	GameCore::AI::AdjustCityFreePowerEffect	8	.data	0xb63c90	0xb65c90	1	1.00
GameCore::AI::AI_CityGreatPersonPoints	GameCore::AI::AdjustCityGreatPersonEffect	8	.data	0xb63c98	0xb65c98	1	1.00
GameCore::AI::AI_CityGrowth	GameCore::AI::AdjustCityGrowthEffect	8	.data	0xb63cd8	0xb65cd8	1	1.00
GameCore::AI::AI_CityHasBuilding	GameCore::AI::CityHasBuildingRequirement	8	.data	0xb64378	0xb66378	1	1.00
GameCore::AI::AI_CityHasDistrict	GameCore::AI::CityHasDistrictRequirement	8	.data	0xb64380	0xb66380	1	1.00
GameCore::AI::AI_CityHasDistricts	GameCore::AI::CityHasDistrictsRequirement	8	.data	0xb64388	0xb66388	1	1.00
GameCore::AI::AI_CityHasGarrison	GameCore::AI::CityHasGarrisonRequirement	8	.data	0xb64390	0xb66390	1	1.00
GameCore::AI::AI_CityHasGoodDistrict	GameCore::AI::CityHasGoodDistrictRequirement	8	.data	0xb643a0	0xb663a0	1	1.00
GameCore::AI::AI_CityHasGovernor	GameCore::AI::CityHasGovernorRequirement	8	.data	0xb64398	0xb66398	1	1.00
GameCore::AI::AI_CityHasPantheon	GameCore::AI::CityHasPantheonRequirement	8	.data	0xb643b0	0xb663b0	1	1.00
GameCore::AI::AI_CityHasPopulation	GameCore::AI::CityHasPopulationRequirement	8	.data	0xb643a8	0xb663a8	1	1.00
GameCore::AI::AI_CityHasReligion	GameCore::AI::CityHasReligionRequirement	8	.data	0xb643b8	0xb663b8	1	1.00
GameCore::AI::AI_CityIsOwnerCapitalContinent	GameCore::AI::CityIsOwnerCapitalContinentRequirement	8	.data	0xb643c0	0xb663c0	1	1.00
GameCore::AI::AI_CityPlots	GameCore::AI::CityPlotYieldAnalyzer	8	.data	0xb63b78	0xb65b78	1	1.00
GameCore::AI::AI_CityPopulation	GameCore::AI::AdjustCityPopulationEffect	8	.data	0xb63cf8	0xb65cf8	1	1.00
GameCore::AI::AI_CityPopulationGold	GameCore::AI::AdjustCityPopulationGoldEffect	8	.data	0xb63cb0	0xb65cb0	1	1.00
GameCore::AI::AI_CityPopulationYield	GameCore::AI::AdjustCityPopulationYieldEffect	8	.data	0xb63ca8	0xb65ca8	1	1.00
GameCore::AI::AI_CityProductionBuilding	GameCore::AI::AdjustCityProductionBuilding	8	.data	0xb63d00	0xb65d00	1	1.00
GameCore::AI::AI_CityProductionDistrict	GameCore::AI::AdjustCityProductionDistrict	8	.data	0xb63d08	0xb65d08	1	1.00
GameCore::AI::AI_CityProductionUnit	GameCore::AI::AdjustCityProductionUnit	8	.data	0xb63d10	0xb65d10	1	1.00
GameCore::AI::AI_CityProperty	GameCore::AI::AdjustCityPropertyEffect	8	.data	0xb63d18	0xb65d18	1	1.00
GameCore::AI::AI_CityRangeStrike	GameCore::AI::AdjustCityRangeStrikeEffect	8	.data	0xb63d20	0xb65d20	1	1.00
GameCore::AI::AI_CityReligiousPressure	GameCore::AI::AdjustCityReligiousPressureEffect	8	.data	0xb63d28	0xb65d28	1	1.00
GameCore::AI::AI_CitySiegeProtection	GameCore::AI::AdjustCitySiegeProtectionEffect	8	.data	0xb63d30	0xb65d30	1	1.00
GameCore::AI::AI_CitySpyDefense	GameCore::AI::AdjustCitySpyDefenseEffect	8	.data	0xb63d38	0xb65d38	1	1.00
GameCore::AI::AI_CityTourism	GameCore::AI::AdjustCityTourismEffect	8	.data	0xb63d40	0xb65d40	1	1.00
GameCore::AI::AI_CityTourismImprovement	GameCore::AI::AdjustCityTourismImprovementsEffect	8	.data	0xb63d48	0xb65d48	1	1.00
GameCore::AI::AI_CityTourismInEra	GameCore::AI::AdjustCityTourismInEraEffect	8	.data	0xb63d50	0xb65d50	1	1.00
GameCore::AI::AI_CityTourismPerFeature	GameCore::AI::AdjustCityTourismPerFeatureEffect	8	.data	0xb63d58	0xb65d58	1	1.00
GameCore::AI::AI_CityTradeYieldPerDestLuxuryInternational	GameCore::AI::AdjustCityTradeYieldPerDestLuxuryInternational	8	.data	0xb63d60	0xb65d60	1	1.00
GameCore::AI::AI_CityTradeYieldPerDestStrategicInternational	GameCore::AI::AdjustCityTradeYieldPerDestStrategicInternational	8	.data	0xb63d68	0xb65d68	1	1.00
GameCore::AI::AI_CityTrainedUnits	GameCore::AI::CityTrainedUnitsAnalyzer	8	.data	0xb63b80	0xb65b80	1	1.00
GameCore::AI::AI_CityUnitDomainProduction	GameCore::AI::AdjustCityUnitDomainProductionEffect	8	.data	0xb63d78	0xb65d78	1	1.00
GameCore::AI::AI_CityUnitProduction	GameCore::AI::AdjustCityUnitProductionEffect	8	.data	0xb63d70	0xb65d70	1	1.00
GameCore::AI::AI_CityYieldChange	GameCore::AI::AdjustCityYieldEffect	8	.data	0xb63d80	0xb65d80	1	1.00
GameCore::AI::AI_CityYieldModifier	GameCore::AI::AdjustCityYieldModifierEffect	8	.data	0xb63d88	0xb65d88	1	1.00
GameCore::AI::AI_CityYieldPerTerrianClass	GameCore::AI::AdjustCityYieldPerTerrainClassEffect	8	.data	0xb63cb8	0xb65cb8	1	1.00
GameCore::AI::AI_CivicBoost	GameCore::AI::AdjustCivicBoostEffect	8	.data	0xb63cc0	0xb65cc0	1	1.00
GameCore::AI::AI_CombatAdjustment	GameCore::AI::AdjustBarbarianCombatEffect	8	.data	0xb63c08	0xb65c08	1	1.00
GameCore::AI::AI_CombatType	GameCore::AI::CombatTypeMatchesRequirement	8	.data	0xb643c8	0xb663c8	1	1.00
GameCore::AI::AI_DeclaredFriend	GameCore::AI::DeclaredFriendRequirement	8	.data	0xb643d0	0xb663d0	1	1.00
GameCore::AI::AI_Delegation	GameCore::AI::HasDelegationRequirement	8	.data	0xb643e8	0xb663e8	1	1.00
GameCore::AI::AI_Denounced	GameCore::AI::HasDenouncedRequirement	8	.data	0xb643f0	0xb663f0	1	1.00
GameCore::AI::AI_Diplomacy	GameCore::AI::AdjustDiplomacyEffect	8	.data	0xb63d90	0xb65d90	1	1.00
GameCore::AI::AI_DiplomaticPoints	GameCore::AI::AdjustDiplomaticPointsEffect	8	.data	0xb63dd0	0xb65dd0	1	1.00
GameCore::AI::AI_DisableGrievanceDecay	GameCore::AI::DisableGrievanceDecayEffect	8	.data	0xb64178	0xb66178	1	1.00
GameCore::AI::AI_DistrictAmenity	GameCore::AI::AdjustDistrictAmenityEffect	8	.data	0xb63dd8	0xb65dd8	1	1.00
GameCore::AI::AI_DistrictBaseYieldChange	GameCore::AI::AdjustDistrictBaseYieldEffect	8	.data	0xb63e10	0xb65e10	1	1.00
GameCore::AI::AI_DistrictCreationBonus	GameCore::AI::AdjustDistrictCreationEffect	8	.data	0xb63db0	0xb65db0	1	1.00
GameCore::AI::AI_DistrictFeatures	GameCore::AI::AdjustDistrictFeaturesEffect	8	.data	0xb63de0	0xb65de0	1	1.00
GameCore::AI::AI_DistrictGreatPersonPoints	GameCore::AI::AdjustDistrictGreatPersonEffect	8	.data	0xb63de8	0xb65de8	1	1.00
GameCore::AI::AI_DistrictHousing	GameCore::AI::AdjustDistrictHousingEffect	8	.data	0xb63df0	0xb65df0	1	1.00
GameCore::AI::AI_DistrictMatches	GameCore::AI::DistrictMatchesRequirement	8	.data	0xb643d8	0xb663d8	1	1.00
GameCore::AI::AI_DistrictProduction	GameCore::AI::AdjustDistrictProductionEffect	8	.data	0xb63df8	0xb65df8	1	1.00
GameCore::AI::AI_DistrictProperty	GameCore::AI::AdjustDistrictPropertyEffect	8	.data	0xb63e00	0xb65e00	1	1.00
GameCore::AI::AI_DistrictYieldAppealChange	GameCore::AI::AdjustDistrictYieldAppealEffect	8	.data	0xb63e08	0xb65e08	1	1.00
GameCore::AI::AI_DistrictYieldChange	GameCore::AI::AdjustDistrictYieldChangeEffect	8	.data	0xb63e18	0xb65e18	1	1.00
GameCore::AI::AI_DistrictYieldModifier	GameCore::AI::AdjustDistrictYieldModifierEffect	8	.data	0xb63e20	0xb65e20	1	1.00
GameCore::AI::AI_DistrictsOnRivers	GameCore::AI::AdjustRiverDistrictEffect	8	.data	0xb64018	0xb66018	1	1.00
GameCore::AI::AI_DuplicateFirstInfluenceToken	GameCore::AI::AdjustDuplicateFirstInfluenceTokenEffect	8	.data	0xb63e28	0xb65e28	1	1.00
GameCore::AI::AI_DuplicateInfluenceTokenWhenRivalGovernment	GameCore::AI::AdjustDuplicateInfluenceTokenRivalEffect	8	.data	0xb63e30	0xb65e30	1	1.00
GameCore::AI::AI_EVENT_DESIRE_SETTLE	GameCore::AI	4	.data	0xb8c698	0xb8e6d0	2	1.00
GameCore::AI::AI_EVENT_FOUNDED_RELIGION	GameCore::AI	4	.data	0xb8c6b0	0xb8e6e8	3	1.00
GameCore::AI::AI_EVENT_GAIN_CIVIC	GameCore::AI	4	.data	0xb8c690	0xb8e6c8	2	1.00
GameCore::AI::AI_EVENT_GAIN_TECH	GameCore::AI	4	.data	0xb8c68c	0xb8e6c4	2	1.00
GameCore::AI::AI_EVENT_MANAGE_ARCHAEOLOGIST	GameCore::AI	4	.data	0xb8c6a4	0xb8e6dc	2	1.00
GameCore::AI::AI_EVENT_MANAGE_GREAT_PERSON	GameCore::AI	4	.data	0xb8c69c	0xb8e6d4	4	1.00
GameCore::AI::AI_EVENT_MANAGE_SPY	GameCore::AI	4	.data	0xb8c6a0	0xb8e6d8	2	1.00
GameCore::AI::AI_EVENT_NEEDS_RAILROAD	GameCore::AI	4	.data	0xb8c6a8	0xb8e6e0	2	1.00
GameCore::AI::AI_EVENT_RELIGIOUS_CITY_CONVERTED	GameCore::AI	4	.data	0xb8c6ac	0xb8e6e4	2	1.00
GameCore::AI::AI_EVENT_UNIT_CAPTURED	GameCore::AI	4	.data	0xb8c694	0xb8e6cc	4	1.00
GameCore::AI::AI_EnableUnitFaithPurchase	GameCore::AI::EnableUnitFaithPurchaseEffect	8	.data	0xb64190	0xb66190	1	1.00
GameCore::AI::AI_EraScorePerCivicBoost	GameCore::AI::AdjustEraScoreCivicBoostEffect	8	.data	0xb63e48	0xb65e48	1	1.00
GameCore::AI::AI_EraScorePerTechBoost	GameCore::AI::AdjustEraScoreTechBoostEffect	8	.data	0xb63e50	0xb65e50	1	1.00
GameCore::AI::AI_ExploreMap	GameCore::AI::ExploreMapEffect	8	.data	0xb64198	0xb66198	1	1.00
GameCore::AI::AI_ExtraUnits	GameCore::AI::AdjustExtraUnitEffect	8	.data	0xb63e68	0xb65e68	1	1.00
GameCore::AI::AI_FaithDispersal	GameCore::AI::AdjustFaithDispersalEffect	8	.data	0xb63e78	0xb65e78	1	1.00
GameCore::AI::AI_FavorPerTurn	GameCore::AI::AdjustDiplomaticFavorPerTurnEffect	8	.data	0xb63dc8	0xb65dc8	1	1.00
GameCore::AI::AI_FeatureAdjacency	GameCore::AI::FeatureAdjacencyEffect	8	.data	0xb641a0	0xb661a0	1	1.00
GameCore::AI::AI_FriendlyMeeting	GameCore::AI::HadFriendlyMeetingRequirement	8	.data	0xb643e0	0xb663e0	1	1.00
GameCore::AI::AI_FullAccessOneStrategic	GameCore::AI::AdjustFullAccessStrategicEffect	8	.data	0xb63e70	0xb65e70	1	1.00
GameCore::AI::AI_GameProperty	GameCore::AI::AdjustGamePropertyEffect	8	.data	0xb63e80	0xb65e80	1	1.00
GameCore::AI::AI_GovCopyLuxuries	GameCore::AI::GovernorCopyLuxuriesEffect	8	.data	0xb641a8	0xb661a8	1	1.00
GameCore::AI::AI_GovCopyStrategics	GameCore::AI::GovernorCopyStrategicsEffect	8	.data	0xb641b0	0xb661b0	1	1.00
GameCore::AI::AI_GovGrantEnvoys	GameCore::AI::GovernorGrantEnvoysEffect	8	.data	0xb641b8	0xb661b8	1	1.00
GameCore::AI::AI_GovIncreaseEnvoys	GameCore::AI::GovernorIncreaseEnvoysEffect	8	.data	0xb641c0	0xb661c0	1	1.00
GameCore::AI::AI_GovernmentSlots	GameCore::AI::AdjustGovernmentSlotsAllPlayersEffect	8	.data	0xb63eb8	0xb65eb8	1	1.00
GameCore::AI::AI_GovernorPoints	GameCore::AI::AdjustGovernorPointsEffect	8	.data	0xb63e90	0xb65e90	1	1.00
GameCore::AI::AI_GovtSlot	GameCore::AI::AdjustGovernmentSlotsEffect	8	.data	0xb63e88	0xb65e88	1	1.00
GameCore::AI::AI_GrantAbility	GameCore::AI::GrantAbilityEffect	8	.data	0xb641c8	0xb661c8	1	1.00
GameCore::AI::AI_GrantAllTechBoost	GameCore::AI::GrantAllTechBoostByEra	8	.data	0xb641d0	0xb661d0	1	1.00
GameCore::AI::AI_GrantBuilding	GameCore::AI::GrantBuildingEffect	8	.data	0xb641d8	0xb661d8	1	1.00
GameCore::AI::AI_GrantCityProperty	GameCore::AI::AssignCityPropertyEffect	8	.data	0xb64140	0xb66140	1	1.00
GameCore::AI::AI_GrantCityYield	GameCore::AI::GrantCityYieldEffect	8	.data	0xb641e8	0xb661e8	1	1.00
GameCore::AI::AI_GrantCivicBoost	GameCore::AI::GrantRandomCivicBoostEffect	8	.data	0xb64228	0xb66228	1	1.00
GameCore::AI::AI_GrantCombatAdjacency	GameCore::AI::GrantCombatAdjacencyEffect	8	.data	0xb641f0	0xb661f0	1	1.00
GameCore::AI::AI_GrantDistrictProperty	GameCore::AI::AssignDistrictPropertyEffect	8	.data	0xb64148	0xb66148	1	1.00
GameCore::AI::AI_GrantFaithFromFeature	GameCore::AI::GrantFaithFromFeature	8	.data	0xb641f8	0xb661f8	1	1.00
GameCore::AI::AI_GrantFaithFromHarvest	GameCore::AI::GrantFaithFromHarvest	8	.data	0xb64200	0xb66200	1	1.00
GameCore::AI::AI_GrantFreeResourceExtraction	GameCore::AI::GrantFreeResourceExtractionEffect	8	.data	0xb64210	0xb66210	1	1.00
GameCore::AI::AI_GrantFreeResourceVisibility	GameCore::AI::GrantFreeResourceVisibilityEffect	8	.data	0xb64218	0xb66218	1	1.00
GameCore::AI::AI_GrantGameProperty	GameCore::AI::AssignGamePropertyEffect	8	.data	0xb64150	0xb66150	1	1.00
GameCore::AI::AI_GrantGreatPerson	GameCore::AI::GrantGreatPersonEffect	8	.data	0xb64208	0xb66208	1	1.00
GameCore::AI::AI_GrantHero	GameCore::AI::GrantHeroEffect	8	.data	0xb64168	0xb66168	1	1.00
GameCore::AI::AI_GrantInfluenceToken	GameCore::AI::GrantInfluenceTokenEffect	8	.data	0xb64220	0xb66220	1	1.00
GameCore::AI::AI_GrantInfluenceWonder	GameCore::AI::GrantInfluenceWonderEffect	8	.data	0xb641e0	0xb661e0	1	1.00
GameCore::AI::AI_GrantPlayerProperty	GameCore::AI::AssignPlayerPropertyEffect	8	.data	0xb64158	0xb66158	1	1.00
GameCore::AI::AI_GrantSpy	GameCore::AI::GrantSpyEffect	8	.data	0xb64238	0xb66238	1	1.00
GameCore::AI::AI_GrantTechBoost	GameCore::AI::GrantRandomTechBoostEffect	8	.data	0xb64230	0xb66230	1	1.00
GameCore::AI::AI_GrantUnit	GameCore::AI::GrantUnitEffect	8	.data	0xb64240	0xb66240	1	1.00
GameCore::AI::AI_GrantUnitProperty	GameCore::AI::AssignUnitPropertyEffect	8	.data	0xb64160	0xb66160	1	1.00
GameCore::AI::AI_GrantYield	GameCore::AI::GrantYieldEffect	8	.data	0xb64248	0xb66248	1	1.00
GameCore::AI::AI_GrantYieldFromYieldRate	GameCore::AI::GrantYieldFromYieldRateEffect	8	.data	0xb64250	0xb66250	1	1.00
GameCore::AI::AI_GreatPeoplePts	GameCore::AI::AdjustGreatPersonPtsEffect	8	.data	0xb63ea8	0xb65ea8	1	1.00
GameCore::AI::AI_GreatPeoplePtsPercent	GameCore::AI::AdjustGreatPersonPtsPercentEffect	8	.data	0xb63eb0	0xb65eb0	1	1.00
GameCore::AI::AI_GreatPersonBonus	GameCore::AI::AdjustGreatPersonBonusEffect	8	.data	0xb63ea0	0xb65ea0	1	1.00
GameCore::AI::AI_GreatPersonPatronage	GameCore::AI::AdjustGreatPersonPatronageEffect	8	.data	0xb63e38	0xb65e38	1	1.00
GameCore::AI::AI_GrievanceGeneration	GameCore::AI::AdjustGrievanceGenerationEffect	8	.data	0xb63e98	0xb65e98	1	1.00
GameCore::AI::AI_Happiness	GameCore::AI::AdjustHappinessEffect	8	.data	0xb63ec8	0xb65ec8	1	1.00
GameCore::AI::AI_HealingFromDispersal	GameCore::AI::AdjustHealingFromDispersalEffect	8	.data	0xb63ed0	0xb65ed0	1	1.00
GameCore::AI::AI_IgnoreStrategics	GameCore::AI::AdjustCityIgnoreStrategicsEffect	8	.data	0xb63ce0	0xb65ce0	1	1.00
GameCore::AI::AI_ImprovementAmenity	GameCore::AI::AdjustImprovementAmenityEffect	8	.data	0xb63ec0	0xb65ec0	1	1.00
GameCore::AI::AI_ImprovementHousing	GameCore::AI::AdjustImprovementHousingEffect	8	.data	0xb63ef8	0xb65ef8	1	1.00
GameCore::AI::AI_ImprovementProperty	GameCore::AI::AdjustImprovementPropertyEffect	8	.data	0xb63ef0	0xb65ef0	1	1.00
GameCore::AI::AI_InfluencePointsPerTurn	GameCore::AI::AdjustInfluencePointsPerTurnEffect	8	.data	0xb63f00	0xb65f00	1	1.00
GameCore::AI::AI_InnerDefenses	GameCore::AI::AdjustCityInnerDefenseEffect	8	.data	0xb63ce8	0xb65ce8	1	1.00
GameCore::AI::AI_IsMet	GameCore::AI::IsMetRequirement	8	.data	0xb64358	0xb66358	1	1.00
GameCore::AI::AI_IsNotMet	GameCore::AI::IsNotMetRequirement	8	.data	0xb64360	0xb66360	1	1.00
GameCore::AI::AI_MajorMinorPlayers	GameCore::AI::MajorMinorPlayersAnalyzer	8	.data	0xb63b88	0xb65b88	1	1.00
GameCore::AI::AI_MajorPlayers	GameCore::AI::MajorPlayersAnalyzer	8	.data	0xb63b90	0xb65b90	1	1.00
GameCore::AI::AI_MinorPlayers	GameCore::AI::MinorPlayersAnalyzer	8	.data	0xb63b98	0xb65b98	1	1.00
GameCore::AI::AI_MountainTunnel	GameCore::AI::MountainTunnelEffect	8	.data	0xb64278	0xb66278	1	1.00
GameCore::AI::AI_NearBorder	GameCore::AI::NearCultureBorderRequirement	8	.data	0xb643f8	0xb663f8	1	1.00
GameCore::AI::AI_NeverMet	GameCore::AI::NeverMetRequirement	8	.data	0xb64368	0xb66368	1	1.00
GameCore::AI::AI_NoCapResource	GameCore::AI::AdjustNoCapResourceEffect	8	.data	0xb63ed8	0xb65ed8	1	1.00
GameCore::AI::AI_NoGreatPeoplePts	GameCore::AI::AdjustNoGreatPersonPtsEffect	8	.data	0xb63f08	0xb65f08	1	1.00
GameCore::AI::AI_OpenBordersFromInfluence	GameCore::AI::AdjustOpenBordersInfluenceEffect	8	.data	0xb63f28	0xb65f28	1	1.00
GameCore::AI::AI_OpponentDomain	GameCore::AI::OpponentUnitDomainRequirement	8	.data	0xb64428	0xb66428	1	1.00
GameCore::AI::AI_OpponentIsBarbarian	GameCore::AI::OpponentIsBarbarianRequirement	8	.data	0xb64400	0xb66400	1	1.00
GameCore::AI::AI_OpponentIsDistrict	GameCore::AI::OpponentIsDistrictRequirement	8	.data	0xb64408	0xb66408	1	1.00
GameCore::AI::AI_OpponentIsFortified	GameCore::AI::OpponentIsFortifiedRequirement	8	.data	0xb64410	0xb66410	1	1.00
GameCore::AI::AI_OpponentPromotionClass	GameCore::AI::OpponentPromotionClassRequirement	8	.data	0xb64418	0xb66418	1	1.00
GameCore::AI::AI_OpponentUnit	GameCore::AI::OpponentUnitTypeRequirement	8	.data	0xb64420	0xb66420	1	1.00
GameCore::AI::AI_OuterDefenses	GameCore::AI::AdjustCityOuterDefenseEffect	8	.data	0xb63cf0	0xb65cf0	1	1.00
GameCore::AI::AI_Owner	GameCore::AI::OwnerAnalyzer	8	.data	0xb63ba0	0xb65ba0	1	1.00
GameCore::AI::AI_PillageDistrict	GameCore::AI::AdjustPlayerDistrictPilliageModEffect	8	.data	0xb63f38	0xb65f38	1	1.00
GameCore::AI::AI_PlayerAtPeace	GameCore::AI::PlayerAtPeaceRequirement	8	.data	0xb64438	0xb66438	1	1.00
GameCore::AI::AI_PlayerAttacking	GameCore::AI::PlayerAttackingRequirement	8	.data	0xb64430	0xb66430	1	1.00
GameCore::AI::AI_PlayerBlockUnitEntry	GameCore::AI::AdjustBlockUnitEntryEffect	8	.data	0xb63da8	0xb65da8	1	1.00
GameCore::AI::AI_PlayerBuffUnitProductionYield	GameCore::AI::AdjustPlayerBuffUnitProductionYieldEffect	8	.data	0xb63e40	0xb65e40	1	1.00
GameCore::AI::AI_PlayerBuildingFavor	GameCore::AI::AdjustDiplomaticBuildingFavorPerTurnEffect	8	.data	0xb63db8	0xb65db8	1	1.00
GameCore::AI::AI_PlayerCapitalCity	GameCore::AI::PlayerCapitalCityAnalyzer	8	.data	0xb63ba8	0xb65ba8	1	1.00
GameCore::AI::AI_PlayerCapitalDistricts	GameCore::AI::PlayerCapitalDistrictsAnalyzer	8	.data	0xb63bb0	0xb65bb0	1	1.00
GameCore::AI::AI_PlayerCities	GameCore::AI::PlayerCitiesAnalyzer	8	.data	0xb63bb8	0xb65bb8	1	1.00
GameCore::AI::AI_PlayerDistricts	GameCore::AI::PlayerDistrictsAnalyzer	8	.data	0xb63bc0	0xb65bc0	1	1.00
GameCore::AI::AI_PlayerFavor	GameCore::AI::AdjustDiplomaticFavorEffect	8	.data	0xb63dc0	0xb65dc0	1	1.00
GameCore::AI::AI_PlayerFoundedReligion	GameCore::AI::PlayerIsReligionFounderRequirement	8	.data	0xb64450	0xb66450	1	1.00
GameCore::AI::AI_PlayerFullReligiousTourism	GameCore::AI::AdjustPlayerReligiousTourismEffect	8	.data	0xb63f50	0xb65f50	1	1.00
GameCore::AI::AI_PlayerGaveInfluence	GameCore::AI::PlayerGaveInfluenceRequirement	8	.data	0xb64458	0xb66458	1	1.00
GameCore::AI::AI_PlayerGaveMostInfluence	GameCore::AI::PlayerGaveMostInfluenceRequirement	8	.data	0xb64460	0xb66460	1	1.00
GameCore::AI::AI_PlayerHasPantheon	GameCore::AI::PlayerHasPantheonRequirement	8	.data	0xb64470	0xb66470	1	1.00
GameCore::AI::AI_PlayerInGoldenAge	GameCore::AI::PlayerInGoldenAgeRequirement	8	.data	0xb64468	0xb66468	1	1.00
GameCore::AI::AI_PlayerIsBarbarian	GameCore::AI::PlayerIsBarbarianRequirement	8	.data	0xb64440	0xb66440	1	1.00
GameCore::AI::AI_PlayerIsMinorCiv	GameCore::AI::PlayerIsMinorCivRequirement	8	.data	0xb64448	0xb66448	1	1.00
GameCore::AI::AI_PlayerPillageImprovement	GameCore::AI::AdjustPillageImprovementModEffect	8	.data	0xb63f30	0xb65f30	1	1.00
GameCore::AI::AI_PlayerPlotYields	GameCore::AI::PlayerPlotYieldsAnalyzer	8	.data	0xb63bc8	0xb65bc8	1	1.00
GameCore::AI::AI_PlayerProperty	GameCore::AI::AdjustPlayerPropertyEffect	8	.data	0xb63f48	0xb65f48	1	1.00
GameCore::AI::AI_PlayerResourceAccumulation	GameCore::AI::AdjustResourceAccumulationEffect	8	.data	0xb64008	0xb66008	1	1.00
GameCore::AI::AI_PlayerResourceStockpileCap	GameCore::AI::AdjustPlayerResourceStockpileCapEffect	8	.data	0xb63e58	0xb65e58	1	1.00
GameCore::AI::AI_PlayerScienceVp	GameCore::AI::AdjustScienceVictoryPointsEffect	8	.data	0xb64010	0xb66010	1	1.00
GameCore::AI::AI_PlayerSpyBonus	GameCore::AI::AdjustSpyBonusEffect	8	.data	0xb64038	0xb66038	1	1.00
GameCore::AI::AI_PlayerSuzerainFavorMultiplier	GameCore::AI::PlayerSuzerainFavorMultiplierEffect	8	.data	0xb64268	0xb66268	1	1.00
GameCore::AI::AI_PlayerTokenForTradeRoute	GameCore::AI::PlayerTokenForTradeRouteEffect	8	.data	0xb64270	0xb66270	1	1.00
GameCore::AI::AI_PlayerTourism	GameCore::AI::PlayerTourismEffect	8	.data	0xb64258	0xb66258	1	1.00
GameCore::AI::AI_PlayerTradeRouteDestinationYieldForAllyRoute	GameCore::AI::AdjustTradeRouteDestinationAllyEffect	8	.data	0xb64050	0xb66050	1	1.00
GameCore::AI::AI_PlayerTradeRouteOriginYieldForAllyRoute	GameCore::AI::AdjustTradeRouteOriginAllyEffect	8	.data	0xb64058	0xb66058	1	1.00
GameCore::AI::AI_PlayerUnits	GameCore::AI::PlayerUnitsAnalyzer	8	.data	0xb63bd0	0xb65bd0	1	1.00
GameCore::AI::AI_PlayerValidBuilding	GameCore::AI::AdjustPlayerValidBuildingEffect	8	.data	0xb63e60	0xb65e60	1	1.00
GameCore::AI::AI_PlayerYieldChange	GameCore::AI::AdjustPlayerYieldEffect	8	.data	0xb63fb0	0xb65fb0	1	1.00
GameCore::AI::AI_PlayerYieldChangePerGreatPerson	GameCore::AI::AdjustPlayerYieldPerGreatPersonEffect	8	.data	0xb63fc0	0xb65fc0	1	1.00
GameCore::AI::AI_PlayerYieldChangePerInfluenceToken	GameCore::AI::AdjustPlayerYieldPerToken	8	.data	0xb63fb8	0xb65fb8	1	1.00
GameCore::AI::AI_PlayerYieldChangePerTributary	GameCore::AI::AdjustPlayerYieldPerTributaryEffect	8	.data	0xb63fc8	0xb65fc8	1	1.00
GameCore::AI::AI_PlayerYieldModifierPerTributary	GameCore::AI::AdjustPlayerYieldPerTributaryModEffect	8	.data	0xb63fd0	0xb65fd0	1	1.00
GameCore::AI::AI_PlotAppealBetween	GameCore::AI::PlotAppealBetween	8	.data	0xb644f8	0xb664f8	1	1.00
GameCore::AI::AI_PlotDistrictExists	GameCore::AI::PlotHasDistrict	8	.data	0xb644d8	0xb664d8	1	1.00
GameCore::AI::AI_PlotDistrictTag	GameCore::AI::PlotDistrictTagRequirement	8	.data	0xb644c0	0xb664c0	1	1.00
GameCore::AI::AI_PlotDistrictType	GameCore::AI::PlotDistrictTypeRequirement	8	.data	0xb644c8	0xb664c8	1	1.00
GameCore::AI::AI_PlotFeature	GameCore::AI::PlotFeatureRequirement	8	.data	0xb644d0	0xb664d0	1	1.00
GameCore::AI::AI_PlotImprovedResourceClass	GameCore::AI::PlotImprovedResourceClassRequirement	8	.data	0xb64518	0xb66518	1	1.00
GameCore::AI::AI_PlotImprovementExists	GameCore::AI::PlotHasImprovement	8	.data	0xb644e0	0xb664e0	1	1.00
GameCore::AI::AI_PlotImprovementTag	GameCore::AI::PlotImprovementTagRequirement	8	.data	0xb644e8	0xb664e8	1	1.00
GameCore::AI::AI_PlotImprovementType	GameCore::AI::PlotImprovementTypeRequirement	8	.data	0xb644f0	0xb664f0	1	1.00
GameCore::AI::AI_PlotIsCoast	GameCore::AI::PlotIsCoastRequirement	8	.data	0xb64500	0xb66500	1	1.00
GameCore::AI::AI_PlotIsHills	GameCore::AI::PlotIsHillsRequirement	8	.data	0xb64508	0xb66508	1	1.00
GameCore::AI::AI_PlotResourceClass	GameCore::AI::PlotResourceClassRequirement	8	.data	0xb64510	0xb66510	1	1.00
GameCore::AI::AI_PlotResourceTag	GameCore::AI::PlotResourceTagRequirement	8	.data	0xb64520	0xb66520	1	1.00
GameCore::AI::AI_PlotResourceType	GameCore::AI::PlotResourceTypeRequirement	8	.data	0xb64528	0xb66528	1	1.00
GameCore::AI::AI_PlotResourceVisible	GameCore::AI::PlotResourceVisibleRequirement	8	.data	0xb64530	0xb66530	1	1.00
GameCore::AI::AI_PlotTerrainMatch	GameCore::AI::PlotTerrainMatchRequirement	8	.data	0xb64538	0xb66538	1	1.00
GameCore::AI::AI_PolicyAmenity	GameCore::AI::AdjustPolicyAmenityEffect	8	.data	0xb63ff0	0xb65ff0	1	1.00
GameCore::AI::AI_PolicyHousing	GameCore::AI::AdjustPolicyHousingEffect	8	.data	0xb63ff8	0xb65ff8	1	1.00
GameCore::AI::AI_PurchasePlot	GameCore::AI::AdjustPurchasePlotEffect	8	.data	0xb64000	0xb66000	1	1.00
GameCore::AI::AI_RecommissionReactor	GameCore::AI::RecommissionReactorEffect	8	.data	0xb64170	0xb66170	1	1.00
GameCore::AI::AI_SetMet	GameCore::AI::SetIsMetRequirement	8	.data	0xb64370	0xb66370	1	1.00
GameCore::AI::AI_SinglePlotYields	GameCore::AI::SinglePlotYieldsAnalyzer	8	.data	0xb63bd8	0xb65bd8	1	1.00
GameCore::AI::AI_SpaceRaceProduction	GameCore::AI::AdjustSpaceRaceProductionEffect	8	.data	0xb64030	0xb66030	1	1.00
GameCore::AI::AI_StealTechBoosts	GameCore::AI::AdjustNumberStolenTechsEffect	8	.data	0xb63f20	0xb65f20	1	1.00
GameCore::AI::AI_TechBoost	GameCore::AI::AdjustTechBoostEffect	8	.data	0xb63cc8	0xb65cc8	1	1.00
GameCore::AI::AI_TerrainAdjacency	GameCore::AI::TerrainAdjacencyEffect	8	.data	0xb64280	0xb66280	1	1.00
GameCore::AI::AI_TradeRouteCapacity	GameCore::AI::AdjustTradeRouteCapacityEffect	8	.data	0xb64040	0xb66040	1	1.00
GameCore::AI::AI_TradeRouteFavor	GameCore::AI::AdjustPlayerTradeRouteFavorEffect	8	.data	0xb63f58	0xb65f58	1	1.00
GameCore::AI::AI_TradeRouteImmunity	GameCore::AI::AdjustTradeRouteImmunityEffect	8	.data	0xb64048	0xb66048	1	1.00
GameCore::AI::AI_TradeRoutePlunderFavor	GameCore::AI::AdjustPlayerTradeRoutePlunderFavorEffect	8	.data	0xb63f60	0xb65f60	1	1.00
GameCore::AI::AI_TradeRouteTourism	GameCore::AI::AdjustTradeRouteTourismEffect	8	.data	0xb64068	0xb66068	1	1.00
GameCore::AI::AI_TradeRouteYield	GameCore::AI::AdjustTradeRouteYieldEffect	8	.data	0xb64070	0xb66070	1	1.00
GameCore::AI::AI_TradeRouteYieldForDomestic	GameCore::AI::AdjustPlayerTradeRouteDomesticEffect	8	.data	0xb63f68	0xb65f68	1	1.00
GameCore::AI::AI_TradeRouteYieldForInternational	GameCore::AI::AdjustPlayerTradeRouteForeignEffect	8	.data	0xb63f70	0xb65f70	1	1.00
GameCore::AI::AI_TradeRouteYieldForOthers	GameCore::AI::AdjustTradeRouteYieldOtherEffect	8	.data	0xb64078	0xb66078	1	1.00
GameCore::AI::AI_UnitAttackWallWholeGamePromotionClass	GameCore::AI::AdjustUnitAttackWallWholeGamePromotionClassEffect	8	.data	0xb64088	0xb66088	1	1.00
GameCore::AI::AI_UnitBypassWall	GameCore::AI::AdjustUnitBypassWallEffect	8	.data	0xb64090	0xb66090	1	1.00
GameCore::AI::AI_UnitCannotAttack	GameCore::AI::AdjustUnitCannotAttackEffect	8	.data	0xb64098	0xb66098	1	1.00
GameCore::AI::AI_UnitCharges	GameCore::AI::AdjustUnitChargesEffect	8	.data	0xb640a0	0xb660a0	1	1.00
GameCore::AI::AI_UnitCombat	GameCore::AI::UnitCombatAnalyzer	8	.data	0xb63be0	0xb65be0	1	1.00
GameCore::AI::AI_UnitCombatStrength	GameCore::AI::PlayerUnitStrengthEffect	8	.data	0xb64260	0xb66260	1	1.00
GameCore::AI::AI_UnitExtraMoves	GameCore::AI::AdjustUnitExtraMovesEffect	8	.data	0xb640a8	0xb660a8	1	1.00
GameCore::AI::AI_UnitFriendlyTerritoryMovement	GameCore::AI::AdjustUnitExtraMovesEffect	8	.data	0xb640b8	0xb660b8	1	1.00
GameCore::AI::AI_UnitGrantExperience	GameCore::AI::AdjustUnitGrantExperienceEffect	8	.data	0xb640c0	0xb660c0	1	1.00
GameCore::AI::AI_UnitIgnoreTerrain	GameCore::AI::AdjustUnitTerrainEffect	8	.data	0xb64118	0xb66118	1	1.00
GameCore::AI::AI_UnitIgnoreZoc	GameCore::AI::AdjustIgnoreZocEffect	8	.data	0xb63ee0	0xb65ee0	1	1.00
GameCore::AI::AI_UnitLoyaltyDamage	GameCore::AI::AdjustUnitLoyaltyDamageEffect	8	.data	0xb640b0	0xb660b0	1	1.00
GameCore::AI::AI_UnitMaintenanceDiscount	GameCore::AI::AdjustUnitMaintenanceDiscount	8	.data	0xb640c8	0xb660c8	1	1.00
GameCore::AI::AI_UnitMoveAndAttack	GameCore::AI::AdjustMoveAndAttackEffect	8	.data	0xb63f18	0xb65f18	1	1.00
GameCore::AI::AI_UnitMovement	GameCore::AI::AdjustUnitMovement	8	.data	0xb64110	0xb66110	1	1.00
GameCore::AI::AI_UnitNearestCity	GameCore::AI::UnitNearestCityAnalyzer	8	.data	0xb63be8	0xb65be8	1	1.00
GameCore::AI::AI_UnitNoForeignSpread	GameCore::AI::AdjustUnitNoForeignSpreadEffect	8	.data	0xb63f40	0xb65f40	1	1.00
GameCore::AI::AI_UnitParadrop	GameCore::AI::AdjustParadropEffect	8	.data	0xb63ee8	0xb65ee8	1	1.00
GameCore::AI::AI_UnitProduction	GameCore::AI::AdjustUnitProductionEffect	8	.data	0xb640d0	0xb660d0	1	1.00
GameCore::AI::AI_UnitPromotionClass	GameCore::AI::UnitPromotionClassMatchesRequirement	8	.data	0xb64548	0xb66548	1	1.00
GameCore::AI::AI_UnitProperty	GameCore::AI::AdjustUnitPropertyEffect	8	.data	0xb640e0	0xb660e0	1	1.00
GameCore::AI::AI_UnitPurchaseCost	GameCore::AI::AdjustUnitPurchaseCostEffect	8	.data	0xb640d8	0xb660d8	1	1.00
GameCore::AI::AI_UnitRockBandTourismBomValuePeace	GameCore::AI::AdjustUnitRockBandTourismBomValuePeaceEffect	8	.data	0xb640e8	0xb660e8	1	1.00
GameCore::AI::AI_UnitSeaMoves	GameCore::AI::AdjustUnitSeaMovesEffect	8	.data	0xb640f0	0xb660f0	1	1.00
GameCore::AI::AI_UnitSeeThrough	GameCore::AI::AdjustSeeThroughEffect	8	.data	0xb64028	0xb66028	1	1.00
GameCore::AI::AI_UnitSight	GameCore::AI::AdjustUnitSightEffect	8	.data	0xb640f8	0xb660f8	1	1.00
GameCore::AI::AI_UnitSpyOperationTime	GameCore::AI::AdjustUnitSpyOperationTimeEffect	8	.data	0xb64100	0xb66100	1	1.00
GameCore::AI::AI_UnitStrengthReductionForDamage	GameCore::AI::AdjustUnitStrengthReductionEffect	8	.data	0xb64108	0xb66108	1	1.00
GameCore::AI::AI_UnitTag	GameCore::AI::UnitTagRequirement	8	.data	0xb64550	0xb66550	1	1.00
GameCore::AI::AI_UnitTagEraProduction	GameCore::AI::AdjustCityEraTagUnitProductionEffect	8	.data	0xb63cd0	0xb65cd0	1	1.00
GameCore::AI::AI_UnitType	GameCore::AI::UnitTypeRequirement	8	.data	0xb64558	0xb66558	1	1.00
GameCore::AI::AI_UnitUpgradeDiscount	GameCore::AI::AdjustUnitUpgradeDiscountEffect	8	.data	0xb64120	0xb66120	1	1.00
GameCore::AI::AI_UnitWallAttack	GameCore::AI::AdjustUnitAttackWallEffect	8	.data	0xb64080	0xb66080	1	1.00
GameCore::AI::AI_UnitXp	GameCore::AI::AdjustUnitXpEffect	8	.data	0xb64128	0xb66128	1	1.00
GameCore::AI::AI_WarWeariness	GameCore::AI::AdjustPlayerWarWearinessModEffect	8	.data	0xb63f78	0xb65f78	1	1.00
GameCore::AI::AI_WmdCount	GameCore::AI::AdjustWmdCountEffect	8	.data	0xb64130	0xb66130	1	1.00
GameCore::AI::AI_WonderFeatures	GameCore::AI::AdjustWonderFeaturesEffect	8	.data	0xb64138	0xb66138	1	1.00
GameCore::AI::AI_WondersOnRivers	GameCore::AI::AdjustRiverWonderEffect	8	.data	0xb64020	0xb66020	1	1.00
GameCore::AI::BehaviorTree::ACTION_STATE_NAMES	const char*[]	0	.data	0xb65310	0xb67310	1	1.00
GameCore::AI::BehaviorTree::BehaviorTree::s_DecisionUpdateFunctions	BehaviorTreeNodeTypeIndexList<BehaviorTree::UpdateDecisionNodeFcn>	32	.data	0xb8cdc0	0xb8edc0	29	1.00
GameCore::AI::BehaviorTree::BehaviorTree::s_DecoratorUpdateFunctions	BehaviorTreeNodeTypeIndexList<BehaviorTree::UpdateDecoratorNodeFcn>	32	.data	0xb8cd80	0xb8ed80	11	1.00
GameCore::AI::BehaviorTree::BehaviorTree::s_ExecuteFunctions	BehaviorTreeNodeTypeIndexList<BehaviorTree::ExecuteActionFcn>	32	.data	0xb8cde0	0xb8ede0	46	1.00
GameCore::AI::BehaviorTree::BehaviorTree::s_LeafUpdateFunctions	BehaviorTreeNodeTypeIndexList<BehaviorTree::UpdateLeafNodeFcn>	32	.data	0xb8cda0	0xb8eda0	42	1.00
GameCore::AI::BehaviorTree::BehaviorTree::s_LogFunctions	BehaviorTreeNodeTypeIndexList<BehaviorTree::LogFcn>	32	.data	0xb8ce20	0xb8ee20	74	1.00
GameCore::AI::BehaviorTree::BehaviorTree::s_NextIndexFunctions	BehaviorTreeNodeTypeIndexList<BehaviorTree::NextFcn>	32	.data	0xb8ce00	0xb8ee00	10	1.00
GameCore::AI::BehaviorTree::BehaviorTree::s_SelectorParentFunctions	BehaviorTreeNodeTypeIndexList<BehaviorTree::ParentSelectorNodeFcn>	32	.data	0xb8cd60	0xb8ed60	15	1.00
GameCore::AI::BehaviorTree::BehaviorTree::s_SelectorUpdateFunctions	BehaviorTreeNodeTypeIndexList<BehaviorTree::UpdateSelectorNodeFcn>	32	.data	0xb8cd40	0xb8ed40	7	1.00
GameCore::AI::BehaviorTree::BehaviorTree::s_UpdateFunctionsInitialized	bool	1	.data	0xb8cd38	0xb8ed38	2	1.00
GameCore::AI::BehaviorTree::Factory::ms_uiComponentID	uint	4	.data	0xb8d004	0xb8f004	1	1.00
GameCore::AI::BehaviorTree::Factory::ms_uiComponentIndex	uint	4	.data	0xb651e0	0xb671e0	2	1.00
GameCore::AI::BehaviorTree::NT_ADDGOALTECH	GameCore::AI::BehaviorTree	4	.data	0xb8ce54	0xb8ee54	8	1.00
GameCore::AI::BehaviorTree::NT_ARCHAEOLOGIST_DIG	GameCore::AI::BehaviorTree	4	.data	0xb8cf3c	0xb8ef3c	8	1.00
GameCore::AI::BehaviorTree::NT_ARCHAEOLOGIST_DONATE	GameCore::AI::BehaviorTree	4	.data	0xb8cf40	0xb8ef40	8	1.00
GameCore::AI::BehaviorTree::NT_BARBARIAN_RAID	GameCore::AI::BehaviorTree	4	.data	0xb8cea0	0xb8eea0	7	1.00
GameCore::AI::BehaviorTree::NT_BARBARIAN_RECRUIT	GameCore::AI::BehaviorTree	4	.data	0xb8ceb4	0xb8eeb4	7	1.00
GameCore::AI::BehaviorTree::NT_BARBARIAN_SPAWN	GameCore::AI::BehaviorTree	4	.data	0xb8ce64	0xb8ee64	8	1.00
GameCore::AI::BehaviorTree::NT_BUILDIMPROVEMENT	GameCore::AI::BehaviorTree	4	.data	0xb8ce78	0xb8ee78	8	1.00
GameCore::AI::BehaviorTree::NT_BUILDMILITARYIMPROVEMENT	GameCore::AI::BehaviorTree	4	.data	0xb8ce7c	0xb8ee7c	8	1.00
GameCore::AI::BehaviorTree::NT_BUILDPRODUCTION	GameCore::AI::BehaviorTree	4	.data	0xb8ce80	0xb8ee80	8	1.00
GameCore::AI::BehaviorTree::NT_BUILD_FROM_CITY	GameCore::AI::BehaviorTree	4	.data	0xb8ce58	0xb8ee58	8	1.00
GameCore::AI::BehaviorTree::NT_CANCEL_CONTRACT	GameCore::AI::BehaviorTree	4	.data	0xb8cf24	0xb8ef24	8	1.00
GameCore::AI::BehaviorTree::NT_CHECK_PLOT	GameCore::AI::BehaviorTree	4	.data	0xb8ceac	0xb8eeac	7	1.00
GameCore::AI::BehaviorTree::NT_CHOOSE_CITY	GameCore::AI::BehaviorTree	4	.data	0xb8ce74	0xb8ee74	7	1.00
GameCore::AI::BehaviorTree::NT_CHOOSE_IMPROVEMENT	GameCore::AI::BehaviorTree	4	.data	0xb8ce9c	0xb8ee9c	7	1.00
GameCore::AI::BehaviorTree::NT_CITY_ATTACK_UNITS	GameCore::AI::BehaviorTree	4	.data	0xb8cee0	0xb8eee0	9	1.00
GameCore::AI::BehaviorTree::NT_CITY_BUILD_RAILROAD	GameCore::AI::BehaviorTree	4	.data	0xb8cf08	0xb8ef08	7	1.00
GameCore::AI::BehaviorTree::NT_CITY_CAN_ALPHA	GameCore::AI::BehaviorTree	4	.data	0xb8cf04	0xb8ef04	7	1.00
GameCore::AI::BehaviorTree::NT_CITY_THREATENED	GameCore::AI::BehaviorTree	4	.data	0xb8cf00	0xb8ef00	7	1.00
GameCore::AI::BehaviorTree::NT_CLEAR_PLOT	GameCore::AI::BehaviorTree	4	.data	0xb8ceb0	0xb8eeb0	8	1.00
GameCore::AI::BehaviorTree::NT_CONCURRENT	GameCore::AI::BehaviorTree	4	.data	0xb8ce48	0xb8ee48	8	1.00
GameCore::AI::BehaviorTree::NT_CONTRACT_DECORATOR	GameCore::AI::BehaviorTree	4	.data	0xb8cecc	0xb8eecc	9	1.00
GameCore::AI::BehaviorTree::NT_DECODE_TRIGGER	GameCore::AI::BehaviorTree	4	.data	0xb8ce70	0xb8ee70	7	1.00
GameCore::AI::BehaviorTree::NT_DIFFICULTY_DECORATOR	GameCore::AI::BehaviorTree	4	.data	0xb8cea4	0xb8eea4	9	1.00
GameCore::AI::BehaviorTree::NT_DIPLOMACY	GameCore::AI::BehaviorTree	4	.data	0xb8cf2c	0xb8ef2c	8	1.00
GameCore::AI::BehaviorTree::NT_FINDUNIT	GameCore::AI::BehaviorTree	4	.data	0xb8ce5c	0xb8ee5c	7	1.00
GameCore::AI::BehaviorTree::NT_FIND_TARGETS	GameCore::AI::BehaviorTree	4	.data	0xb8cf10	0xb8ef10	7	1.00
GameCore::AI::BehaviorTree::NT_HAS_GREAT_PERSON	GameCore::AI::BehaviorTree	4	.data	0xb8cf1c	0xb8ef1c	7	1.00
GameCore::AI::BehaviorTree::NT_HAS_INQUISITION	GameCore::AI::BehaviorTree	4	.data	0xb8cf4c	0xb8ef4c	7	1.00
GameCore::AI::BehaviorTree::NT_HAS_VALID_TARGET	GameCore::AI::BehaviorTree	4	.data	0xb8cf14	0xb8ef14	7	1.00
GameCore::AI::BehaviorTree::NT_INTERVAL_DECORATOR	GameCore::AI::BehaviorTree	4	.data	0xb8ceb8	0xb8eeb8	9	1.00
GameCore::AI::BehaviorTree::NT_IS_AT_WAR	GameCore::AI::BehaviorTree	4	.data	0xb8cf0c	0xb8ef0c	7	1.00
GameCore::AI::BehaviorTree::NT_IS_NEAR_FALLOUT	GameCore::AI::BehaviorTree	4	.data	0xb8cf5c	0xb8ef5c	7	1.00
GameCore::AI::BehaviorTree::NT_LAUNCH_INQUISITION	GameCore::AI::BehaviorTree	4	.data	0xb8cf50	0xb8ef50	8	1.00
GameCore::AI::BehaviorTree::NT_LOCK_UNITS	GameCore::AI::BehaviorTree	4	.data	0xb8cf28	0xb8ef28	7	1.00
GameCore::AI::BehaviorTree::NT_LUA_SCRIPT	GameCore::AI::BehaviorTree	4	.data	0xb8cf60	0xb8ef60	7	1.00
GameCore::AI::BehaviorTree::NT_MAKE_FORMATION	GameCore::AI::BehaviorTree	4	.data	0xb8ced8	0xb8eed8	8	1.00
GameCore::AI::BehaviorTree::NT_MOVEUNIT	GameCore::AI::BehaviorTree	4	.data	0xb8ce84	0xb8ee84	8	1.00
GameCore::AI::BehaviorTree::NT_NAVAL_CHOOSE_TARGET	GameCore::AI::BehaviorTree	4	.data	0xb8cee4	0xb8eee4	9	1.00
GameCore::AI::BehaviorTree::NT_NAVAL_PATROL	GameCore::AI::BehaviorTree	4	.data	0xb8cee8	0xb8eee8	8	1.00
GameCore::AI::BehaviorTree::NT_NAVAL_PILLAGE	GameCore::AI::BehaviorTree	4	.data	0xb8ceec	0xb8eeec	8	1.00
GameCore::AI::BehaviorTree::NT_NOT	GameCore::AI::BehaviorTree	4	.data	0xb8ce8c	0xb8ee8c	7	1.00
GameCore::AI::BehaviorTree::NT_NOTIFY_OWNER	GameCore::AI::BehaviorTree	4	.data	0xb8ce60	0xb8ee60	8	1.00
GameCore::AI::BehaviorTree::NT_OPERATION_AIR_ATTACK	GameCore::AI::BehaviorTree	4	.data	0xb8ced0	0xb8eed0	8	1.00
GameCore::AI::BehaviorTree::NT_OPERATION_ATTACK	GameCore::AI::BehaviorTree	4	.data	0xb8ce88	0xb8ee88	8	1.00
GameCore::AI::BehaviorTree::NT_OPERATION_CHANGE_TARGET	GameCore::AI::BehaviorTree	4	.data	0xb8cec4	0xb8eec4	8	1.00
GameCore::AI::BehaviorTree::NT_OPERATION_CITY_ATTACK	GameCore::AI::BehaviorTree	4	.data	0xb8ced4	0xb8eed4	9	1.00
GameCore::AI::BehaviorTree::NT_OPERATION_GARRISON_CITY	GameCore::AI::BehaviorTree	4	.data	0xb8cefc	0xb8eefc	8	1.00
GameCore::AI::BehaviorTree::NT_OPERATION_IS_READY	GameCore::AI::BehaviorTree	4	.data	0xb8cec8	0xb8eec8	8	1.00
GameCore::AI::BehaviorTree::NT_OPERATION_LAUNCH_NUKES	GameCore::AI::BehaviorTree	4	.data	0xb8cf58	0xb8ef58	8	1.00
GameCore::AI::BehaviorTree::NT_OPERATION_MILITARY_FORMATION	GameCore::AI::BehaviorTree	4	.data	0xb8cf64	0xb8ef64	4	1.00
GameCore::AI::BehaviorTree::NT_OPERATION_MOVE	GameCore::AI::BehaviorTree	4	.data	0xb8ce6c	0xb8ee6c	8	1.00
GameCore::AI::BehaviorTree::NT_OPERATION_MOVE_ATTACK	GameCore::AI::BehaviorTree	4	.data	0xb8ce98	0xb8ee98	8	1.00
GameCore::AI::BehaviorTree::NT_OPERATION_NAVAL_ESCORT	GameCore::AI::BehaviorTree	4	.data	0xb8cf44	0xb8ef44	8	1.00
GameCore::AI::BehaviorTree::NT_OPERATION_PILLAGE	GameCore::AI::BehaviorTree	4	.data	0xb8cef4	0xb8eef4	8	1.00
GameCore::AI::BehaviorTree::NT_OPERATION_PROTECT	GameCore::AI::BehaviorTree	4	.data	0xb8cebc	0xb8eebc	8	1.00
GameCore::AI::BehaviorTree::NT_OPERATION_SIEGE_CITY	GameCore::AI::BehaviorTree	4	.data	0xb8cef8	0xb8eef8	8	1.00
GameCore::AI::BehaviorTree::NT_PLAYER_ABILITY_DECORATOR	GameCore::AI::BehaviorTree	4	.data	0xb8cf48	0xb8ef48	8	1.00
GameCore::AI::BehaviorTree::NT_PRIORITY	GameCore::AI::BehaviorTree	4	.data	0xb8ce4c	0xb8ee4c	7	1.00
GameCore::AI::BehaviorTree::NT_PROTECT_UNIT	GameCore::AI::BehaviorTree	4	.data	0xb8cedc	0xb8eedc	8	1.00
GameCore::AI::BehaviorTree::NT_PURCHASE_PLOT	GameCore::AI::BehaviorTree	4	.data	0xb8ce90	0xb8ee90	8	1.00
GameCore::AI::BehaviorTree::NT_RECRUIT_UNITS	GameCore::AI::BehaviorTree	4	.data	0xb8ce94	0xb8ee94	8	1.00
GameCore::AI::BehaviorTree::NT_RESERVE_PLOT	GameCore::AI::BehaviorTree	4	.data	0xb8cef0	0xb8eef0	7	1.00
GameCore::AI::BehaviorTree::NT_RUNTREE	GameCore::AI::BehaviorTree	4	.data	0xb8ce68	0xb8ee68	7	1.00
GameCore::AI::BehaviorTree::NT_SEQUENCE	GameCore::AI::BehaviorTree	4	.data	0xb8ce50	0xb8ee50	8	1.00
GameCore::AI::BehaviorTree::NT_SETTLE_ACTION	GameCore::AI::BehaviorTree	4	.data	0xb8cea8	0xb8eea8	8	1.00
GameCore::AI::BehaviorTree::NT_SPY_CHOOSE_MISSION	GameCore::AI::BehaviorTree	4	.data	0xb8cf30	0xb8ef30	7	1.00
GameCore::AI::BehaviorTree::NT_SPY_DO_OPERATION	GameCore::AI::BehaviorTree	4	.data	0xb8cf34	0xb8ef34	8	1.00
GameCore::AI::BehaviorTree::NT_SPY_MOVE_TO_CITY	GameCore::AI::BehaviorTree	4	.data	0xb8cf38	0xb8ef38	8	1.00
GameCore::AI::BehaviorTree::NT_TURNLIMIT_DECORATOR	GameCore::AI::BehaviorTree	4	.data	0xb8cec0	0xb8eec0	8	1.00
GameCore::AI::BehaviorTree::NT_UPGRADE_UNITS	GameCore::AI::BehaviorTree	4	.data	0xb8cf18	0xb8ef18	8	1.00
GameCore::AI::BehaviorTree::NT_USE_GREAT_PERSON	GameCore::AI::BehaviorTree	4	.data	0xb8cf20	0xb8ef20	8	1.00
GameCore::AI::BehaviorTree::NT_USE_SCRIPTED_COMMAND	GameCore::AI::BehaviorTree	4	.data	0xb8cf68	0xb8ef68	4	1.00
GameCore::AI::BehaviorTree::NT_WILL_USE_NUKES	GameCore::AI::BehaviorTree	4	.data	0xb8cf54	0xb8ef54	7	1.00
GameCore::AI::COAST	GameCore::AI	4	.data	0xb8c6c8	0xb8e700	1	1.00
GameCore::AI::CULTURAL_PRESSURE	GameCore::AI	4	.data	0xb8c6e0	0xb8e718	1	1.00
GameCore::AI::Control::g_TurnTimer	Platform::SimpleTimer	8	.data	0xb8c798	0xb8e798	4	1.00
GameCore::AI::Control::g_numAITurns	int	4	.data	0xb8c794	0xb8e794	1	1.00
GameCore::AI::Control::g_totalAITurnTime	uint64	8	.data	0xb8c7a0	0xb8e7a0	3	1.00
GameCore::AI::Control::progressNames	const char*[]	0	.data	0xb63650	0xb65650	1	1.00
GameCore::AI::CurrentVersion	const int	4	.rdata	0x9f8548	0x9f9568	1	1.00
GameCore::AI::DEFAULT_LAND_SCOUTS	GameCore::AI	4	.data	0xb8c790	0xb8e584	2	1.00
GameCore::AI::DEFAULT_NAVAL_SCOUTS	GameCore::AI	4	.data	0xb8c550	0xb8e588	2	1.00
GameCore::AI::FOREIGN_CONTINENT	GameCore::AI	4	.data	0xb8c6dc	0xb8e714	1	1.00
GameCore::AI::FRESH_WATER	GameCore::AI	4	.data	0xb8c6cc	0xb8e704	1	1.00
GameCore::AI::GlobalAi::s_barbarianLeader	int	4	.data	0xb645c0	0xb665c0	6	1.00
GameCore::AI::Governors::ms_uiComponentIndex	uint	4	.data	0xb64630	0xb66630	3	1.00
GameCore::AI::INDEX_DIPLOACTION_ALLIANCE	GameCore::AI	4	.data	0xb8c80c	0xb8e80c	9	1.00
GameCore::AI::INDEX_DIPLOACTION_ALLIANCE_CULTURAL	GameCore::AI	4	.data	0xb8c878	0xb8e878	3	1.00
GameCore::AI::INDEX_DIPLOACTION_ALLIANCE_ECONOMIC	GameCore::AI	4	.data	0xb8c874	0xb8e874	3	1.00
GameCore::AI::INDEX_DIPLOACTION_ALLIANCE_MILITARY	GameCore::AI	4	.data	0xb8c870	0xb8e870	3	1.00
GameCore::AI::INDEX_DIPLOACTION_ALLIANCE_RELIGIOUS	GameCore::AI	4	.data	0xb8c87c	0xb8e87c	3	1.00
GameCore::AI::INDEX_DIPLOACTION_ALLIANCE_RESEARCH	GameCore::AI	4	.data	0xb8c86c	0xb8e86c	3	1.00
GameCore::AI::INDEX_DIPLOACTION_ALLIANCE_TEAMUP	GameCore::AI	4	.data	0xb8c880	0xb8e880	3	1.00
GameCore::AI::INDEX_DIPLOACTION_DECLARE_COLONIAL_WAR	GameCore::AI	4	.data	0xb8c83c	0xb8e83c	15	1.00
GameCore::AI::INDEX_DIPLOACTION_DECLARE_FORMAL_WAR	GameCore::AI	4	.data	0xb8c828	0xb8e828	15	1.00
GameCore::AI::INDEX_DIPLOACTION_DECLARE_FRIENDSHIP	GameCore::AI	4	.data	0xb8c810	0xb8e810	15	1.00
GameCore::AI::INDEX_DIPLOACTION_DECLARE_GOLDEN_AGE_WAR	GameCore::AI	4	.data	0xb8c844	0xb8e844	15	1.00
GameCore::AI::INDEX_DIPLOACTION_DECLARE_HOLY_WAR	GameCore::AI	4	.data	0xb8c82c	0xb8e82c	15	1.00
GameCore::AI::INDEX_DIPLOACTION_DECLARE_IDEOLOGICAL_WAR	GameCore::AI	4	.data	0xb8c84c	0xb8e84c	15	1.00
GameCore::AI::INDEX_DIPLOACTION_DECLARE_LIBERATION_WAR	GameCore::AI	4	.data	0xb8c830	0xb8e830	15	1.00
GameCore::AI::INDEX_DIPLOACTION_DECLARE_PROTECTORATE_WAR	GameCore::AI	4	.data	0xb8c838	0xb8e838	15	1.00
GameCore::AI::INDEX_DIPLOACTION_DECLARE_RECONQUEST_WAR	GameCore::AI	4	.data	0xb8c834	0xb8e834	15	1.00
GameCore::AI::INDEX_DIPLOACTION_DECLARE_SURPRISE_WAR	GameCore::AI	4	.data	0xb8c824	0xb8e824	11	1.00
GameCore::AI::INDEX_DIPLOACTION_DECLARE_TERRITORIAL_WAR	GameCore::AI	4	.data	0xb8c840	0xb8e840	15	1.00
GameCore::AI::INDEX_DIPLOACTION_DECLARE_WAR_MINOR_CIV	GameCore::AI	4	.data	0xb8c820	0xb8e820	6	1.00
GameCore::AI::INDEX_DIPLOACTION_DECLARE_WAR_OF_RETRIBUTION	GameCore::AI	4	.data	0xb8c848	0xb8e848	15	1.00
GameCore::AI::INDEX_DIPLOACTION_DEFENSIVE_PACT	GameCore::AI	4	.data	0xb8c7ec	0xb8e7ec	9	1.00
GameCore::AI::INDEX_DIPLOACTION_DEMAND_TRIBUTE	GameCore::AI	4	.data	0xb8c7e4	0xb8e7e4	6	1.00
GameCore::AI::INDEX_DIPLOACTION_DENOUNCE	GameCore::AI	4	.data	0xb8c800	0xb8e800	6	1.00
GameCore::AI::INDEX_DIPLOACTION_DIPLOMATIC_DELEGATION	GameCore::AI	4	.data	0xb8c808	0xb8e808	7	1.00
GameCore::AI::INDEX_DIPLOACTION_GIFT_UNIT	GameCore::AI	4	.data	0xb8c818	0xb8e818	2	1.00
GameCore::AI::INDEX_DIPLOACTION_GRANT_INFLUENCE_TOKEN	GameCore::AI	4	.data	0xb8c814	0xb8e814	2	1.00
GameCore::AI::INDEX_DIPLOACTION_JOINT_WAR	GameCore::AI	4	.data	0xb8c7f0	0xb8e7f0	3	1.00
GameCore::AI::INDEX_DIPLOACTION_KEEP_DONT_ATTACK_ALLY	GameCore::AI	4	.data	0xb8c868	0xb8e868	1	1.00
GameCore::AI::INDEX_DIPLOACTION_KEEP_DONT_ATTACK_CITY_STATE	GameCore::AI	4	.data	0xb8c864	0xb8e864	1	1.00
GameCore::AI::INDEX_DIPLOACTION_KEEP_PROMISE_DONT_CONVERT	GameCore::AI	4	.data	0xb8c858	0xb8e858	3	1.00
GameCore::AI::INDEX_DIPLOACTION_KEEP_PROMISE_DONT_DIG_ARTIFACTS	GameCore::AI	4	.data	0xb8c85c	0xb8e85c	3	1.00
GameCore::AI::INDEX_DIPLOACTION_KEEP_PROMISE_DONT_SETTLE_TOO_NEAR	GameCore::AI	4	.data	0xb8c860	0xb8e860	3	1.00
GameCore::AI::INDEX_DIPLOACTION_KEEP_PROMISE_DONT_SPY	GameCore::AI	4	.data	0xb8c854	0xb8e854	3	1.00
GameCore::AI::INDEX_DIPLOACTION_LIBERATE_CITY	GameCore::AI	4	.data	0xb8c890	0xb8e890	3	1.00
GameCore::AI::INDEX_DIPLOACTION_MAKE_PEACE	GameCore::AI	4	.data	0xb8c804	0xb8e804	6	1.00
GameCore::AI::INDEX_DIPLOACTION_MILITARY_REQUEST	GameCore::AI	4	.data	0xb8c81c	0xb8e81c	2	1.00
GameCore::AI::INDEX_DIPLOACTION_OPEN_BORDERS	GameCore::AI	4	.data	0xb8c7e8	0xb8e7e8	10	1.00
GameCore::AI::INDEX_DIPLOACTION_PROPOSE_PEACE_DEAL	GameCore::AI	4	.data	0xb8c7dc	0xb8e7dc	1	1.00
GameCore::AI::INDEX_DIPLOACTION_PROPOSE_TRADE	GameCore::AI	4	.data	0xb8c850	0xb8e850	11	1.00
GameCore::AI::INDEX_DIPLOACTION_REQUEST_ASSISTANCE	GameCore::AI	4	.data	0xb8c7fc	0xb8e7fc	5	1.00
GameCore::AI::INDEX_DIPLOACTION_RESEARCH_AGREEMENT	GameCore::AI	4	.data	0xb8c7f8	0xb8e7f8	9	1.00
GameCore::AI::INDEX_DIPLOACTION_RESIDENT_EMBASSY	GameCore::AI	4	.data	0xb8c7e0	0xb8e7e0	8	1.00
GameCore::AI::INDEX_DIPLOACTION_THIRD_PARTY_WAR	GameCore::AI	4	.data	0xb8c7f4	0xb8e7f4	6	1.00
GameCore::AI::INDEX_DIPLOACTION_USE_NUCLEAR_WEAPON	GameCore::AI	4	.data	0xb8c88c	0xb8e88c	3	1.00
GameCore::AI::INDEX_DIPLOACTION_VIEW_DEMAND	GameCore::AI	4	.data	0xb8c888	0xb8e888	2	1.00
GameCore::AI::INDEX_DIPLOACTION_VIEW_TRADE	GameCore::AI	4	.data	0xb8c884	0xb8e884	2	1.00
GameCore::AI::INDEX_DIPLO_STATE_ALLIED	GameCore::AI	4	.data	0xb8c894	0xb8e894	1	1.00
GameCore::AI::INDEX_DIPLO_STATE_AWARE	GameCore::AI	4	.data	0xb8c8c0	0xb8e8c0	1	1.00
GameCore::AI::INDEX_DIPLO_STATE_DECLARED_FRIEND	GameCore::AI	4	.data	0xb8c898	0xb8e898	1	1.00
GameCore::AI::INDEX_DIPLO_STATE_DENOUNCED	GameCore::AI	4	.data	0xb8c8a8	0xb8e8a8	1	1.00
GameCore::AI::INDEX_DIPLO_STATE_FRIENDLY	GameCore::AI	4	.data	0xb8c89c	0xb8e89c	1	1.00
GameCore::AI::INDEX_DIPLO_STATE_INFLUENTIAL	GameCore::AI	4	.data	0xb8c8b4	0xb8e8b4	1	1.00
GameCore::AI::INDEX_DIPLO_STATE_MAX_INFLUENCE	GameCore::AI	4	.data	0xb8c8b8	0xb8e8b8	1	1.00
GameCore::AI::INDEX_DIPLO_STATE_MINOR_MINOR	GameCore::AI	4	.data	0xb8c8d0	0xb8e8d0	1	1.00
GameCore::AI::INDEX_DIPLO_STATE_MINOR_MINOR_WAR	GameCore::AI	4	.data	0xb8c8d4	0xb8e8d4	1	1.00
GameCore::AI::INDEX_DIPLO_STATE_NEUTRAL	GameCore::AI	4	.data	0xb8c8a0	0xb8e8a0	1	1.00
GameCore::AI::INDEX_DIPLO_STATE_NO_INFLUENCE	GameCore::AI	4	.data	0xb8c8b0	0xb8e8b0	1	1.00
GameCore::AI::INDEX_DIPLO_STATE_PATRON	GameCore::AI	4	.data	0xb8c8c4	0xb8e8c4	1	1.00
GameCore::AI::INDEX_DIPLO_STATE_PROTECTOR	GameCore::AI	4	.data	0xb8c8c8	0xb8e8c8	1	1.00
GameCore::AI::INDEX_DIPLO_STATE_UNFRIENDLY	GameCore::AI	4	.data	0xb8c8a4	0xb8e8a4	1	1.00
GameCore::AI::INDEX_DIPLO_STATE_WAR	GameCore::AI	4	.data	0xb8c8ac	0xb8e8ac	1	1.00
GameCore::AI::INDEX_DIPLO_STATE_WAR_WITH_MAJOR	GameCore::AI	4	.data	0xb8c8cc	0xb8e8cc	1	1.00
GameCore::AI::INDEX_DIPLO_STATE_WAR_WITH_MINOR	GameCore::AI	4	.data	0xb8c8bc	0xb8e8bc	1	1.00
GameCore::AI::LAND_SCOUTS_PER_PRIMARY_REGION	GameCore::AI	4	.data	0xb8c554	0xb8e58c	2	1.00
GameCore::AI::LAND_SCOUTS_PER_SECONDARY_REGION	GameCore::AI	4	.data	0xb8c558	0xb8e590	2	1.00
GameCore::AI::MOVE_AIR_ASSAULT	GameCore::AI	4	.data	0xb8c780	0xb8e574	2	1.00
GameCore::AI::MOVE_AIR_DEPLOY	GameCore::AI	4	.data	0xb8c77c	0xb8e570	2	1.00
GameCore::AI::MOVE_AIR_REBASE	GameCore::AI	4	.data	0xb8c784	0xb8e578	2	1.00
GameCore::AI::MOVE_ATTACK_CAMP	GameCore::AI	4	.data	0xb8c730	0xb8e768	2	1.00
GameCore::AI::MOVE_ATTACK_CIVILIANS	GameCore::AI	4	.data	0xb8c718	0xb8e750	3	1.00
GameCore::AI::MOVE_ATTACK_ENEMY_DISTRICT	GameCore::AI	4	.data	0xb8c71c	0xb8e754	2	1.00
GameCore::AI::MOVE_ATTACK_HIGH_PRIORITY	GameCore::AI	4	.data	0xb8c70c	0xb8e744	2	1.00
GameCore::AI::MOVE_ATTACK_LEADER_FORMATION	GameCore::AI	4	.data	0xb8c720	0xb8e758	2	1.00
GameCore::AI::MOVE_ATTACK_LOW_PRIORITY	GameCore::AI	4	.data	0xb8c714	0xb8e74c	2	1.00
GameCore::AI::MOVE_ATTACK_MEDIUM_PRIORITY	GameCore::AI	4	.data	0xb8c710	0xb8e748	2	1.00
GameCore::AI::MOVE_ATTACK_SUPPORT_FORMATION	GameCore::AI	4	.data	0xb8c724	0xb8e75c	3	1.00
GameCore::AI::MOVE_BARBARIAN_RAMPAGE	GameCore::AI	4	.data	0xb8c788	0xb8e57c	2	1.00
GameCore::AI::MOVE_BUILDER_OUTSIDE_RING	GameCore::AI	4	.data	0xb8c728	0xb8e760	2	1.00
GameCore::AI::MOVE_CHASE_TARGET	GameCore::AI	4	.data	0xb8c73c	0xb8e774	2	1.00
GameCore::AI::MOVE_COASTAL_RAID	GameCore::AI	4	.data	0xb8c774	0xb8e568	2	1.00
GameCore::AI::MOVE_DEFEND_CAMP	GameCore::AI	4	.data	0xb8c72c	0xb8e764	2	1.00
GameCore::AI::MOVE_END_TURN	GameCore::AI	4	.data	0xb8c708	0xb8e740	2	1.00
GameCore::AI::MOVE_EXPLORE	GameCore::AI	4	.data	0xb8c704	0xb8e73c	2	1.00
GameCore::AI::MOVE_FIRST_TURN_SETTLER	GameCore::AI	4	.data	0xb8c6fc	0xb8e734	3	1.00
GameCore::AI::MOVE_FOUND_NATIONAL_PARK	GameCore::AI	4	.data	0xb8c778	0xb8e56c	2	1.00
GameCore::AI::MOVE_GATHER_GOODY_HUT	GameCore::AI	4	.data	0xb8c750	0xb8e788	3	1.00
GameCore::AI::MOVE_GREAT_PERSON	GameCore::AI	4	.data	0xb8c754	0xb8e78c	2	1.00
GameCore::AI::MOVE_HEAL	GameCore::AI	4	.data	0xb8c734	0xb8e76c	2	1.00
GameCore::AI::MOVE_MAKE_MILITARY_FORMATION	GameCore::AI	4	.data	0xb8c738	0xb8e770	2	1.00
GameCore::AI::MOVE_MISSIONARIES	GameCore::AI	4	.data	0xb8c760	0xb8e554	2	1.00
GameCore::AI::MOVE_PILLAGE_DISTRICT	GameCore::AI	4	.data	0xb8c748	0xb8e780	2	1.00
GameCore::AI::MOVE_PILLAGE_IMPROVEMENT	GameCore::AI	4	.data	0xb8c744	0xb8e77c	2	1.00
GameCore::AI::MOVE_PLUNDER_TRADER	GameCore::AI	4	.data	0xb8c74c	0xb8e784	3	1.00
GameCore::AI::MOVE_PROMOTE_UNIT	GameCore::AI	4	.data	0xb8c758	0xb8e790	3	1.00
GameCore::AI::MOVE_RELIGIOUS_COMBAT	GameCore::AI	4	.data	0xb8c768	0xb8e55c	2	1.00
GameCore::AI::MOVE_RELIGIOUS_HEAL	GameCore::AI	4	.data	0xb8c76c	0xb8e560	2	1.00
GameCore::AI::MOVE_ROCKBAND	GameCore::AI	4	.data	0xb8c75c	0xb8e550	2	1.00
GameCore::AI::MOVE_TO_SAFETY	GameCore::AI	4	.data	0xb8c700	0xb8e738	3	1.00
GameCore::AI::MOVE_WANDER	GameCore::AI	4	.data	0xb8c740	0xb8e778	3	1.00
GameCore::AI::MOVE_WANDER_NEAR_CAMP	GameCore::AI	4	.data	0xb8c764	0xb8e558	2	1.00
GameCore::AI::MOVE_WANDER_NEAR_CITY	GameCore::AI	4	.data	0xb8c770	0xb8e564	2	1.00
GameCore::AI::MOVE_ZOMBIE_HORDE	GameCore::AI	4	.data	0xb8c78c	0xb8e580	2	1.00
GameCore::AI::NAVAL_SCOUTS_FOR_WORLD_EXPLORATION	GameCore::AI	4	.data	0xb8c55c	0xb8e594	2	1.00
GameCore::AI::NEAREST_ENEMY_CITY	GameCore::AI	4	.data	0xb8c6b4	0xb8e6ec	1	1.00
GameCore::AI::NEAREST_FRIENDLY_CITY	GameCore::AI	4	.data	0xb8c6b8	0xb8e6f0	1	1.00
GameCore::AI::NEW_RESOURCES	GameCore::AI	4	.data	0xb8c6bc	0xb8e6f4	1	1.00
GameCore::AI::Operation::ms_kVariantManager	Data::TypedVariantManager	None	.data	0xb8cc90	0xb8ec90	2	1.00
GameCore::AI::RESOURCE_CLASS	GameCore::AI	4	.data	0xb8c6d8	0xb8e710	2	1.00
GameCore::AI::ROUTE_RAILROAD	GameCore	4	.data	0xb8c5b0	0xb8e5e8	2	1.00
GameCore::AI::SETTLEMENT_ADDITIONAL_VALUE_PER_CITY	GameCore::AI	4	.data	0xb8c6e8	0xb8e720	3	1.00
GameCore::AI::SETTLEMENT_CITY_MINIMUM_VALUE	GameCore::AI	4	.data	0xb8c6f4	0xb8e72c	2	1.00
GameCore::AI::SETTLEMENT_CITY_VALUE_MULTIPLIER	GameCore::AI	4	.data	0xb8c6f8	0xb8e730	2	1.00
GameCore::AI::SETTLEMENT_DECAY_AMOUNT	GameCore::AI	4	.data	0xb8c6f0	0xb8e728	3	1.00
GameCore::AI::SETTLEMENT_DECAY_TURNS	GameCore::AI	4	.data	0xb8c6ec	0xb8e724	2	1.00
GameCore::AI::SETTLEMENT_MIN_VALUE_NEEDED	GameCore::AI	4	.data	0xb8c6e4	0xb8e71c	4	1.00
GameCore::AI::SPECIFIC_FEATURE	GameCore::AI	4	.data	0xb8c6d4	0xb8e70c	2	1.00
GameCore::AI::SPECIFIC_RESOURCE	GameCore::AI	4	.data	0xb8c6d0	0xb8e708	2	1.00
GameCore::AI::SiteEvaluators::evalFunctions	EvalFunc[]	0	.data	0xb8c920	0xb8e920	2	1.00
GameCore::AI::TARGET_AIR_UNIT	GameCore::AI	4	.data	0xb8c5a0	0xb8e5d8	2	1.00
GameCore::AI::TARGET_ALLY_SUPPORT	GameCore::AI	4	.data	0xb8c59c	0xb8e5d4	4	1.00
GameCore::AI::TARGET_BARBARIAN_CAMP	GameCore::AI	4	.data	0xb8c570	0xb8e5a8	9	1.00
GameCore::AI::TARGET_CIVILIAN	GameCore::AI	4	.data	0xb8c580	0xb8e5b8	18	1.00
GameCore::AI::TARGET_DISASTER_CAPABLE	GameCore::AI	4	.data	0xb8c5ac	0xb8e5e4	3	1.00
GameCore::AI::TARGET_ENEMY_COMBAT_DISTRICT	GameCore::AI	4	.data	0xb8c564	0xb8e59c	22	1.00
GameCore::AI::TARGET_ENEMY_IMPROVEMENT	GameCore::AI	4	.data	0xb8c590	0xb8e5c8	8	1.00
GameCore::AI::TARGET_ENEMY_PASSIVE_DISTRICT	GameCore::AI	4	.data	0xb8c568	0xb8e5a0	13	1.00
GameCore::AI::TARGET_GOODY_HUT	GameCore::AI	4	.data	0xb8c598	0xb8e5d0	8	1.00
GameCore::AI::TARGET_HIGH_PRIORITY_UNIT	GameCore::AI	4	.data	0xb8c58c	0xb8e5c4	24	1.00
GameCore::AI::TARGET_LOW_PRIORITY_UNIT	GameCore::AI	4	.data	0xb8c584	0xb8e5bc	13	1.00
GameCore::AI::TARGET_MEDIUM_PRIORITY_UNIT	GameCore::AI	4	.data	0xb8c588	0xb8e5c0	7	1.00
GameCore::AI::TARGET_MY_CITY	GameCore::AI	4	.data	0xb8c560	0xb8e598	6	1.00
GameCore::AI::TARGET_NAVAL_SUPERIORITY	GameCore::AI	4	.data	0xb8c5a4	0xb8e5dc	3	1.00
GameCore::AI::TARGET_NEUTRAL_CITY	GameCore::AI	4	.data	0xb8c56c	0xb8e5a4	1	1.00
GameCore::AI::TARGET_NEUTRAL_CIVILIAN	GameCore::AI	4	.data	0xb8c574	0xb8e5ac	2	1.00
GameCore::AI::TARGET_RELIGIOUS_UNIT	GameCore::AI	4	.data	0xb8c578	0xb8e5b0	17	1.00
GameCore::AI::TARGET_SCRIPT_SUPPLIED	GameCore::AI	4	.data	0xb8c5a8	0xb8e5e0	7	1.00
GameCore::AI::TARGET_SETTLE_LOCATION	GameCore::AI	4	.data	0xb8c594	0xb8e5cc	4	1.00
GameCore::AI::TARGET_TRADER	GameCore::AI	4	.data	0xb8c57c	0xb8e5b4	13	1.00
GameCore::AI::ValueManager::INVALID_PV	const FixedPoint	4	.data	0xb64cb0	0xb66cb0	100	1.00
GameCore::AI::YIELD_INNER	GameCore::AI	4	.data	0xb8c6c0	0xb8e6f8	2	1.00
GameCore::AI::YIELD_TOTAL	GameCore::AI	4	.data	0xb8c6c4	0xb8e6fc	2	1.00
GameCore::AI::ms_bForceDeclarWarWithHuman	bool	1	.data	0xb8c7da	0xb8e7da	1	1.00
GameCore::AI::ms_bForceOpenBordersWithHuman	bool	1	.data	0xb8c7db	0xb8e7db	1	1.00
GameCore::Barbarian::Manager::ms_uiComponentID	uint	4	.data	0xb8a364	0xb8c364	1	1.00
GameCore::Barbarian::Manager::ms_uiComponentIndex	uint	4	.data	0xb60ac0	0xb62ac0	2	1.00
GameCore::Boost::Manager::ms_uiComponentID	uint	4	.data	0xb8a370	0xb8c370	1	1.00
GameCore::Boost::Manager::ms_uiComponentIndex	uint	4	.data	0xb60b30	0xb62b30	2	1.00
GameCore::Cache::AiGrandStrategic::EventStream::ms_aEventInstances	EventEntryVector	80	.data	0xb892b0	0xb8b2b0	6	1.00
GameCore::Cache::City::EventStream::ms_aEventInstances	EventEntryVector	80	.data	0xb893f0	0xb8b3f0	6	1.00
GameCore::Cache::City::ms_empty	CityAttributes	None	.data	0xb5fc60	0xb61c60	1	1.00
GameCore::Cache::CityBuildQueue::EventStream::ms_aEventInstances	EventEntryVector	80	.data	0xb89300	0xb8b300	6	1.00
GameCore::Cache::CityBuildings::EventStream::ms_aEventInstances	EventEntryVector	80	.data	0xb89350	0xb8b350	6	1.00
GameCore::Cache::CityCitizens::EventStream::ms_aEventInstances	EventEntryVector	80	.data	0xb893a0	0xb8b3a0	6	1.00
GameCore::Cache::Congress::Manager::ms_uiComponentID	uint	4	.data	0xb8a360	0xb8c360	1	1.00
GameCore::Cache::Congress::Manager::ms_uiComponentIndex	uint	4	.data	0xb609f0	0xb629f0	2	1.00
GameCore::Cache::Context::ms_pkInstance	GameCore::Cache::Context::Instance*	8	.data	0xb88720	0xb8a720	6	1.00
GameCore::Cache::District::EventStream::ms_aEventInstances	EventEntryVector	80	.data	0xb894a0	0xb8b4a0	11	1.00
GameCore::Cache::Emergency::EventStream::ms_aInstanceEventInstances	EventInstanceEntryVector	80	.data	0xb894f0	0xb8b4f0	3	1.00
GameCore::Cache::Emergency::EventStream::ms_aManagerEventInstances	EventManagerEntryVector	80	.data	0xb89540	0xb8b540	7	1.00
GameCore::Cache::Game::Climate::EventStream::ms_aCarbonSequesteredInstances	EventCarbonSequesteredEntryVector	80	.data	0xb896e0	0xb8b6e0	11	1.00
GameCore::Cache::Game::Climate::EventStream::ms_aClimateEventInstances	EventClimateEventVector	80	.data	0xb895a0	0xb8b5a0	7	1.00
GameCore::Cache::Game::Climate::EventStream::ms_aDroughtInstances	EventDroughtEntryVector	80	.data	0xb89690	0xb8b690	4	1.00
GameCore::Cache::Game::Climate::EventStream::ms_aOneOffInstances	EventOneOffEntryVector	80	.data	0xb89730	0xb8b730	7	1.00
GameCore::Cache::Game::Climate::EventStream::ms_aResourceConsumedInstances	EventResourceConsumedEntryVector	80	.data	0xb895f0	0xb8b5f0	7	1.00
GameCore::Cache::Game::Climate::EventStream::ms_aStormInstances	EventStormEntryVector	80	.data	0xb89640	0xb8b640	4	1.00
GameCore::Cache::Game::Climate::Manager::ms_uiComponentID	uint	4	.data	0xb89590	0xb8b590	1	1.00
GameCore::Cache::Game::Climate::Manager::ms_uiComponentIndex	uint	4	.data	0xb5fe90	0xb61e90	3	1.00
GameCore::Cache::Game::Economic::EventStream::ms_aEventInstances	EventEntryVector	80	.data	0xb88730	0xb8a730	7	1.00
GameCore::Cache::Game::EventStream::ms_aGameEventInstances	GameEventEntryVector	80	.data	0xb897d0	0xb8b7d0	7	1.00
GameCore::Cache::Game::EventStream::ms_aGamePauseEventInstances	GamePauseEventEntryVector	80	.data	0xb89820	0xb8b820	8	1.00
GameCore::Cache::Game::Fallout::EventStream::ms_aFalloutEventInstances	FalloutEventEntryVector	80	.data	0xb89870	0xb8b870	7	1.00
GameCore::Cache::Game::Fallout::EventStream::ms_aReactorEventInstances	ReactorEventEntryVector	80	.data	0xb898c0	0xb8b8c0	7	1.00
GameCore::Cache::GameEras::EventStream::ms_aEventInstances	EventEntryVector	80	.data	0xb89780	0xb8b780	6	1.00
GameCore::Cache::GameGreatPeople::EventStream::ms_aEventInstances	EventEntryVector	80	.data	0xb89910	0xb8b910	6	1.00
GameCore::Cache::GameHeroesManager::EventStream::ms_aEventInstances	EventEntryVector	80	.data	0xb88780	0xb8a780	6	1.00
GameCore::Cache::GameHistoryManager::EventStream::ms_aMomentEventInstances	MomentEventEntryVector	80	.data	0xb899b0	0xb8b9b0	6	1.00
GameCore::Cache::GameHistoryManager::EventStream::ms_aRebuildEventInstances	RebuildEventEntryVector	80	.data	0xb89960	0xb8b960	6	1.00
GameCore::Cache::GameNationalParks::EventStream::ms_aEventInstances	EventEntryVector	80	.data	0xb89a00	0xb8ba00	6	1.00
GameCore::Cache::GameReligion::EventStream::ms_aEventInstances	EventEntryVector	80	.data	0xb89a50	0xb8ba50	6	1.00
GameCore::Cache::GameVictory::EventStream::ms_aEventInstances	EventEntryVector	80	.data	0xb89aa0	0xb8baa0	6	1.00
GameCore::Cache::Lua::ms_Random	Math::RandomPCG32	16	.data	0xb8dfa0	0xb8ffa0	3	1.00
GameCore::Cache::Lua::ms_kObserverReference	GameCore::Lua::PlayerReference	4	.data	0xb69aa0	0xb6baa0	3	1.00
GameCore::Cache::Map::EventStream::ms_aPlotAppealEventInstances	EventPlotAppealEntryVector	80	.data	0xb888c0	0xb8a8c0	7	1.00
GameCore::Cache::Map::EventStream::ms_aPlotEventInstances	EventPlotEntryVector	80	.data	0xb887d0	0xb8a7d0	8	1.00
GameCore::Cache::Map::EventStream::ms_aPlotPropertiesEventInstances	EventPlotPropertiesEntryVector	80	.data	0xb88870	0xb8a870	7	1.00
GameCore::Cache::Map::EventStream::ms_aVisibilityEventInstances	EventVisibilityEntryVector	80	.data	0xb88820	0xb8a820	7	1.00
GameCore::Cache::Map::Feature::Manager::ms_uiComponentIndex	uint	4	.data	0xb6ad20	0xb6cd20	2	1.00
GameCore::Cache::Map::Player::Visibility::ms_pkInstance	GameCore::Cache::Map::Player::Visibility::Manager*	8	.data	0xb8a0d0	0xb8c0d0	2	1.00
GameCore::Cache::Map::Plot::ms_kEmptyProperties	Data::TypedVariantVectorMap	None	.data	0xb88910	0xb8a910	3	1.00
GameCore::Cache::Map::River::Manager::ms_uiComponentIndex	uint	4	.data	0xb6ad90	0xb6cd90	3	1.00
GameCore::Cache::Map::Terrain::EventStream::ms_aPlotEventInstances	EventCoastalLowLandEntryVector	80	.data	0xb8e030	0xb90030	11	1.00
GameCore::Cache::Map::Terrain::Manager::ms_uiComponentIndex	uint	4	.data	0xb6ae60	0xb6ce60	3	1.00
GameCore::Cache::Map::ms_kCityAttributeCache	CityAttributeCache	32	.data	0xb5e1f0	0xb601f0	9	1.00
GameCore::Cache::ObjectPairing::EventStream::ms_aEventInstances	EventEntryVector	80	.data	0xb89b20	0xb8bb20	7	1.00
GameCore::Cache::ObjectPairing::ms_pkInstance	GameCore::Cache::ObjectPairing::Manager*	8	.data	0xb89af0	0xb8baf0	3	1.00
GameCore::Cache::Player::EventStream::ms_aPlayerEventInstances	EventPlayerEntryVector	80	.data	0xb89c60	0xb8bc60	7	1.00
GameCore::Cache::Player::EventStream::ms_aPlayerInitializationEventInstances	EventPlayerInitializationEntryVector	80	.data	0xb89d00	0xb8bd00	7	1.00
GameCore::Cache::Player::EventStream::ms_aPlayerManagerEventInstances	EventPlayerManagerEntryVector	80	.data	0xb89cb0	0xb8bcb0	8	1.00
GameCore::Cache::Player::ms_pkInstance	GameCore::Cache::Player::Manager*	8	.data	0xb89ee0	0xb8bee0	2	1.00
GameCore::Cache::PlayerAi::EventStream::ms_aEventInstances	EventEntryVector	80	.data	0xb89b70	0xb8bb70	2	1.00
GameCore::Cache::PlayerCulture::EventStream::ms_aEventInstances	EventEntryVector	80	.data	0xb89bc0	0xb8bbc0	6	1.00
GameCore::Cache::PlayerDiplomacy::EventStream::ms_aEventInstances	EventEntryVector	80	.data	0xb89c10	0xb8bc10	9	1.00
GameCore::Cache::PlayerGovernors::EventStream::ms_aEventInstances	EventEntryVector	80	.data	0xb89d50	0xb8bd50	7	1.00
GameCore::Cache::PlayerGreatPeoplePoints::EventStream::ms_aEventInstances	EventEntryVector	80	.data	0xb89da0	0xb8bda0	6	1.00
GameCore::Cache::PlayerImprovements::EventStream::ms_aEventInstances	EventEntryVector	80	.data	0xb89df0	0xb8bdf0	7	1.00
GameCore::Cache::PlayerInfluence::EventStream::ms_aEventInstances	EventEntryVector	80	.data	0xb89e90	0xb8be90	6	1.00
GameCore::Cache::PlayerInfluenceMap::EventStream::ms_aEventInstances	EventEntryVector	80	.data	0xb89e40	0xb8be40	6	1.00
GameCore::Cache::PlayerReligion::EventStream::ms_aEventInstances	EventEntryVector	80	.data	0xb89ef0	0xb8bef0	6	1.00
GameCore::Cache::PlayerResources::EventStream::ms_aEventInstances	EventEntryVector	80	.data	0xb89f40	0xb8bf40	6	1.00
GameCore::Cache::PlayerStats::EventStream::ms_aEventInstances	EventEntryVector	80	.data	0xb89f90	0xb8bf90	6	1.00
GameCore::Cache::PlayerTechs::EventStream::ms_aEventInstances	EventEntryVector	80	.data	0xb89fe0	0xb8bfe0	6	1.00
GameCore::Cache::PlayerTrade::EventStream::ms_aEventInstances	EventEntryVector	80	.data	0xb8a030	0xb8c030	7	1.00
GameCore::Cache::PlayerTreasury::EventStream::ms_aEventInstances	EventEntryVector	80	.data	0xb8a080	0xb8c080	9	1.00
GameCore::Cache::PlayerWMDs::EventStream::ms_aEventInstances	EventEntryVector	80	.data	0xb8a0e0	0xb8c0e0	7	1.00
GameCore::Cache::Unit::EventStream::ms_aEventInstances	EventEntryVector	80	.data	0xb8a1d0	0xb8c1d0	6	1.00
GameCore::Cache::UnitAbility::EventStream::ms_aEventInstances	EventEntryVector	80	.data	0xb8a130	0xb8c130	6	1.00
GameCore::Cache::UnitArchaeology::EventStream::ms_aEventInstances	EventEntryVector	80	.data	0xb8a180	0xb8c180	7	1.00
GameCore::Cache::UnitExperience::EventStream::ms_aEventInstances	EventEntryVector	80	.data	0xb8a220	0xb8c220	6	1.00
GameCore::Cache::UnitGreatPerson::EventStream::ms_aEventInstances	EventEntryVector	80	.data	0xb8a270	0xb8c270	6	1.00
GameCore::Cache::UnitRockBand::EventStream::ms_aEventInstances	EventEntryVector	80	.data	0xb8a2c0	0xb8c2c0	6	1.00
GameCore::Cache::UnitTrade::EventStream::ms_aEventInstances	EventEntryVector	80	.data	0xb8a310	0xb8c310	6	1.00
GameCore::Cache::ms_bEventStreamCacheUpdatesEnabled	bool	1	.data	0xb5fe00	0xb61e00	5	1.00
GameCore::Cache::ms_kComponentManagers	ComponentManagerList	24	.data	0xb89440	0xb8b440	17	1.00
GameCore::Cache::ms_kNameBufferAllocator	NameAllocator	24	.data	0xb89480	0xb8b480	3	1.00
GameCore::Cache::ms_mHandlers	HandlerMap	40	.data	0xb5fe08	0xb61e08	3	1.00
GameCore::Cache::ms_mKeyToName	NameMap	48	.data	0xb89450	0xb8b450	3	1.00
GameCore::Cache::ms_uiMaxIdleReserveBytes	uint	4	.data	0xb5fe04	0xb61e04	1	1.00
GameCore::City::CityHexspace::m_aaiXYCityPlot	int[][]	0	.data	0xb5eff0	0xb60ff0	1	1.00
GameCore::City::Commands::CurrentVersion	const int32	4	.rdata	0xa2cdf0	0xa2e040	1	1.00
GameCore::City::Commands::Manager::ms_uiComponentID	uint	4	.data	0xb88958	0xb8a958	1	1.00
GameCore::City::Commands::Manager::ms_uiComponentIndex	uint	4	.data	0xb5e390	0xb60390	2	1.00
GameCore::City::Commands::XP1::CurrentVersion	const int32	4	.rdata	0xa3ef9c	0xa401ec	1	1.00
GameCore::City::CurrentVersion	const int32	4	.rdata	0x9c6bf4	0x9c7b54	1	1.00
GameCore::City::Operations::BuildClassParameters_CurrentVersion	const uint	4	.rdata	0xa2cf70	0xa2e1c0	1	1.00
GameCore::City::Operations::CurrentVersion	const int32	4	.rdata	0xa2cf74	0xa2e1c4	1	1.00
GameCore::City::Operations::Manager::ms_uiComponentID	uint	4	.data	0xb8895c	0xb8a95c	1	1.00
GameCore::City::Operations::Manager::ms_uiComponentIndex	uint	4	.data	0xb5e394	0xb60394	2	1.00
GameCore::City::ms_VisualStateArray	BuildingVisStateArray	32	.data	0xb8a380	0xb8c380	8	1.00
GameCore::City::ms_VisualStateRestore	Data::TypedVariantMap	None	.data	0xb8a3a0	0xb8c3a0	8	1.00
GameCore::City::ms_empty	GameCore::Map::Plot::CityAttributes	None	.data	0xb5ed70	0xb60d70	2	1.00
GameCore::Configuration::Game::Key_CalendarType	const VariantKey	4	.data	0xb8a430	0xb8c430	1	1.00
GameCore::Configuration::Game::Key_EnabledMods	const VariantKey	4	.data	0xb8a468	0xb8c468	1	1.00
GameCore::Configuration::Game::Key_Game	const VariantKey	4	.data	0xb8a400	0xb8c400	2	1.00
GameCore::Configuration::Game::Key_GameHandicap	const VariantKey	4	.data	0xb8a45c	0xb8c45c	1	1.00
GameCore::Configuration::Game::Key_GameMode	const VariantKey	4	.data	0xb8a44c	0xb8c44c	8	1.00
GameCore::Configuration::Game::Key_GameRealism	const VariantKey	4	.data	0xb8a4a8	0xb8c4a8	1	1.00
GameCore::Configuration::Game::Key_GameSpeedType	const VariantKey	4	.data	0xb8a42c	0xb8c42c	1	1.00
GameCore::Configuration::Game::Key_LastTurnPhaseType	const VariantKey	4	.data	0xb8a424	0xb8c424	3	1.00
GameCore::Configuration::Game::Key_MaxTurns	const VariantKey	4	.data	0xb8a414	0xb8c414	1	1.00
GameCore::Configuration::Game::Key_ModID	const VariantKey	4	.data	0xb8a470	0xb8c470	2	1.00
GameCore::Configuration::Game::Key_ModTitle_Loc	const VariantKey	4	.data	0xb8a474	0xb8c474	2	1.00
GameCore::Configuration::Game::Key_QuickMovement	const VariantKey	4	.data	0xb8a438	0xb8c438	1	1.00
GameCore::Configuration::Game::Key_RequiredMods	const VariantKey	4	.data	0xb8a46c	0xb8c46c	1	1.00
GameCore::Configuration::Game::Key_RuleSet	const VariantKey	4	.data	0xb8a460	0xb8c460	3	1.00
GameCore::Configuration::Game::Key_StartEra	const VariantKey	4	.data	0xb8a434	0xb8c434	2	1.00
GameCore::Configuration::Game::Key_StartTurn	const VariantKey	4	.data	0xb8a408	0xb8c408	2	1.00
GameCore::Configuration::Game::Key_StartYear	const VariantKey	4	.data	0xb8a40c	0xb8c40c	3	1.00
GameCore::Configuration::Game::Key_SyncRandomSeed	const VariantKey	4	.data	0xb8a404	0xb8c404	5	1.00
GameCore::Configuration::Game::Key_TurnLimitType	const VariantKey	4	.data	0xb8a410	0xb8c410	1	1.00
GameCore::Configuration::Game::Key_TurnPhaseType	const VariantKey	4	.data	0xb8a420	0xb8c420	1	1.00
GameCore::Configuration::Game::Key_TurnTimerType	const VariantKey	4	.data	0xb8a418	0xb8c418	1	1.00
GameCore::Configuration::Game::Key_WorldBuilder	const VariantKey	4	.data	0xb8a478	0xb8c478	1	1.00
GameCore::Configuration::Map::Key_IsWorldBuilder	const VariantKey	4	.data	0xb8a4e4	0xb8c4e4	2	1.00
GameCore::Configuration::Map::Key_IsWrapOn	const VariantKey	4	.data	0xb8a4bc	0xb8c4bc	1	1.00
GameCore::Configuration::Map::Key_Map	const VariantKey	4	.data	0xb8a4b0	0xb8c4b0	2	1.00
GameCore::Configuration::Map::Key_MapImportFilename	const VariantKey	4	.data	0xb8a4b8	0xb8c4b8	1	1.00
GameCore::Configuration::Map::Key_MapScript	const VariantKey	4	.data	0xb8a4c8	0xb8c4c8	5	1.00
GameCore::Configuration::Map::Key_MapSize	const VariantKey	4	.data	0xb8a4c0	0xb8c4c0	3	1.00
GameCore::Configuration::Map::Key_MapTemperatureType	const VariantKey	4	.data	0xb8a4e8	0xb8c4e8	1	1.00
GameCore::Configuration::Map::Key_RandomSeed	const VariantKey	4	.data	0xb8a4d0	0xb8c4d0	1	1.00
GameCore::Configuration::Map::Key_StartingTemperatureAverageValue	const VariantKey	4	.data	0xb8a4ec	0xb8c4ec	1	1.00
GameCore::Configuration::Player::Key_AgendaTypeID	const VariantKey	4	.data	0xb8b644	0xb8d644	7	1.00
GameCore::Configuration::Player::Key_AgendaTypeName	const VariantKey	4	.data	0xb8b648	0xb8d648	5	1.00
GameCore::Configuration::Player::Key_CivilizationAdjective	const VariantKey	4	.data	0xb8b614	0xb8d614	3	1.00
GameCore::Configuration::Player::Key_CivilizationDescription	const VariantKey	4	.data	0xb8b60c	0xb8d60c	4	1.00
GameCore::Configuration::Player::Key_CivilizationLevelTypeID	const VariantKey	4	.data	0xb8b61c	0xb8d61c	5	1.00
GameCore::Configuration::Player::Key_CivilizationLevelTypeName	const VariantKey	4	.data	0xb8b618	0xb8d618	3	1.00
GameCore::Configuration::Player::Key_CivilizationShortDescription	const VariantKey	4	.data	0xb8b610	0xb8d610	5	1.00
GameCore::Configuration::Player::Key_CivilizationTypeID	const VariantKey	4	.data	0xb8b608	0xb8d608	9	1.00
GameCore::Configuration::Player::Key_CivilizationTypeName	const VariantKey	4	.data	0xb8b604	0xb8d604	6	1.00
GameCore::Configuration::Player::Key_HandicapTypeID	const VariantKey	4	.data	0xb8b650	0xb8d650	3	1.00
GameCore::Configuration::Player::Key_HumanRequired	const VariantKey	4	.data	0xb8b67c	0xb8d67c	4	1.00
GameCore::Configuration::Player::Key_IsAlive	const VariantKey	4	.data	0xb8b688	0xb8d688	3	1.00
GameCore::Configuration::Player::Key_IsHidden	const VariantKey	4	.data	0xb8b684	0xb8d684	2	1.00
GameCore::Configuration::Player::Key_LeaderDescription	const VariantKey	4	.data	0xb8b628	0xb8d628	1	1.00
GameCore::Configuration::Player::Key_LeaderName	const VariantKey	4	.data	0xb8b630	0xb8d630	5	1.00
GameCore::Configuration::Player::Key_LeaderRandomPoolID	const VariantKey	4	.data	0xb8b634	0xb8d634	5	1.00
GameCore::Configuration::Player::Key_LeaderShortDescription	const VariantKey	4	.data	0xb8b62c	0xb8d62c	1	1.00
GameCore::Configuration::Player::Key_LeaderTypeID	const VariantKey	4	.data	0xb8b624	0xb8d624	13	1.00
GameCore::Configuration::Player::Key_LeaderTypeName	const VariantKey	4	.data	0xb8b620	0xb8d620	10	1.00
GameCore::Configuration::Player::Key_NickName	const VariantKey	4	.data	0xb8b640	0xb8d640	2	1.00
GameCore::Configuration::Player::Key_PlayerColorType	const VariantKey	4	.data	0xb8b654	0xb8d654	3	1.00
GameCore::Configuration::Player::Key_Players	const Data::VariantKeyPairArray<64, 64>	4352	.data	0xb8a500	0xb8c500	2	1.00
GameCore::Configuration::Player::Key_SlotStatus	const VariantKey	4	.data	0xb8b668	0xb8d668	21	1.00
GameCore::Configuration::Player::Key_StartingEraTypeName	const VariantKey	4	.data	0xb8b65c	0xb8d65c	4	1.00
GameCore::Configuration::Player::Key_StartingPosition	const VariantKey	4	.data	0xb8b66c	0xb8d66c	3	1.00
GameCore::Configuration::Player::Key_Team	const VariantKey	4	.data	0xb8b64c	0xb8d64c	4	1.00
GameCore::Congress::Manager::ms_uiComponentID	uint	4	.data	0xb8c314	0xb8e314	1	1.00
GameCore::Congress::Manager::ms_uiComponentIndex	uint	4	.data	0xb633f0	0xb653f0	2	1.00
GameCore::Context::Globals::ms_pkConfiguration	GameCore::Configuration::Game::Instance*	8	.data	0xb88a78	0xb8aa78	206	1.00
GameCore::Context::Globals::ms_pkCurrentContext	GameCore::Context::Instance*	8	.data	0xb88a60	0xb8aa60	134	0.99
GameCore::Context::Globals::ms_pkCurrentGame	GameCore::Game::Instance*	8	.data	0xb88a68	0xb8aa68	1944	1.00
GameCore::Context::Globals::ms_pkEngineUtility	GameCore::Interfaces::IEngineUtility1*	8	.data	0xb88a80	0xb8aa80	437	1.00
GameCore::Context::Globals::ms_pkLoggingManager	GameCore::Interfaces::ILoggingManager1*	8	.data	0xb88a90	0xb8aa90	397	1.00
GameCore::Context::Globals::ms_pkParameters	const GameCore::Game::GlobalParameters*	8	.data	0xb88a70	0xb8aa70	621	0.99
GameCore::Context::Globals::ms_pkScriptSystem	GameCore::Interfaces::IScriptSystem1*	8	.data	0xb88a88	0xb8aa88	126	1.00
GameCore::Definition::ms_kEmptyVariant	Property	24	.data	0xb8dbd8	0xb8fbd8	1	1.00
GameCore::Definition::ms_kProperyManagerAccessor	GameCore::Definition::PropertyManagerAccessor	8	.data	0xb8dbd0	0xb8fbd0	3	1.00
GameCore::Diplomacy::Deal::Item::CurrentParameterVersion	const int	4	.rdata	0xa0e66c	0xa0f8bc	1	1.00
GameCore::Diplomacy::Deal::Item::CurrentVersion	const int	4	.rdata	0xa0e668	0xa0f8b8	1	1.00
GameCore::Diplomacy::Deal::Item::GreatWork::ms_uiTypeHash	uint	4	.data	0xb655b8	0xb675b8	1	1.00
GameCore::Diplomacy::Deal::ms_aDeals	MasterDealArray	32	.data	0xb8d018	0xb8f018	21	1.00
GameCore::Diplomacy::Deal::ms_aItemCreators	ItemCreatorArray	32	.data	0xb8d078	0xb8f078	16	1.00
GameCore::Diplomacy::Deal::ms_aPlayerDeals	PlayerDealsArray	32	.data	0xb8d038	0xb8f038	9	1.00
GameCore::Diplomacy::Deal::ms_aWorkingDeals	PlayerWorkingDealsArray	32	.data	0xb8d058	0xb8f058	8	1.00
GameCore::Diplomacy::Deal::ms_kItemCreatorMap	ItemCreatorMap	40	.data	0xb65610	0xb67610	7	1.00
GameCore::Diplomacy::Deal::ms_kPendingDeals	PendingDealList	32	.data	0xb8d098	0xb8f098	4	1.00
GameCore::Diplomacy::Deal::ms_uiItemCreatorCount	uint	4	.data	0xb8d0b8	0xb8f0b8	21	1.00
GameCore::Diplomacy::Deal::ms_uiNextEnactedDealID	uint	4	.data	0xb655e0	0xb675e0	5	1.00
GameCore::Diplomacy::ms_OnGameTurnEndedHandle	GameCore::Message::Handle	16	.data	0xb8bae0	0xb8dae0	2	1.00
GameCore::Diplomacy::ms_kActionCreatorMap	ActionCreatorMap	40	.data	0xb615e0	0xb635e0	1	1.00
GameCore::Diplomacy::ms_kClosedSessions	SessionList	24	.data	0xb8bab0	0xb8dab0	3	1.00
GameCore::Diplomacy::ms_kOpenSessions	SessionList	24	.data	0xb8baa0	0xb8daa0	39	1.00
GameCore::Diplomacy::ms_kPendingActions	PendingActionList	32	.data	0xb8bac0	0xb8dac0	4	1.00
GameCore::Diplomacy::ms_kStatementCreatorMap	StatementCreatorMap	40	.data	0xb615b8	0xb635b8	2	1.00
GameCore::Diplomacy::ms_mHashToName	HashToStringMap	48	.data	0xb8ba70	0xb8da70	2	1.00
GameCore::Diplomacy::ms_pkActiveSession	GameCore::Diplomacy::Session::Instance*	8	.data	0xb8b9e0	0xb8d9e0	12	1.00
GameCore::Emergency::Manager::ms_uiComponentID	uint	4	.data	0xb8baf8	0xb8daf8	1	1.00
GameCore::Emergency::Manager::ms_uiComponentIndex	uint	4	.data	0xb617f0	0xb637f0	2	1.00
GameCore::Exports::ms_kEmptyMap	Data::TypedVariantMap	None	.data	0xb8d1b0	0xb8f1b0	4	1.00
GameCore::Exports::ms_kEmptyProperties	Data::TypedVariantMap	None	.data	0xb8d150	0xb8f150	1	1.00
GameCore::Exports::ms_vInstances	ContextArray	32	.data	0xb8d0c0	0xb8f0c0	6	1.00
GameCore::Formation::Movement::ms_kInstance	GameCore::Formation::Movement	40	.data	0xb61920	0xb63920	7	1.00
GameCore::FreeCities::Manager::ms_uiComponentID	uint	4	.data	0xb8bb04	0xb8db04	1	1.00
GameCore::FreeCities::Manager::ms_uiComponentIndex	uint	4	.data	0xb619b0	0xb639b0	2	1.00
GameCore::GREATWORKOBJECT_ARTIFACT	GameCore	4	.data	0xb8bb5c	0xb8db60	11	1.00
GameCore::GREATWORKOBJECT_HERO	GameCore	4	.data	0xb8bb6c	0xb8db70	9	1.00
GameCore::GREATWORKOBJECT_LANDSCAPE	GameCore	4	.data	0xb8bb54	0xb8db58	3	1.00
GameCore::GREATWORKOBJECT_MUSIC	GameCore	4	.data	0xb8bb64	0xb8db68	5	1.00
GameCore::GREATWORKOBJECT_PORTRAIT	GameCore	4	.data	0xb8bb50	0xb8db54	3	1.00
GameCore::GREATWORKOBJECT_PRODUCT	GameCore	4	.data	0xb8bb70	0xb8db74	8	1.00
GameCore::GREATWORKOBJECT_RELIC	GameCore	4	.data	0xb8bb68	0xb8db6c	7	1.00
GameCore::GREATWORKOBJECT_RELIGIOUS	GameCore	4	.data	0xb8bb58	0xb8db5c	3	1.00
GameCore::GREATWORKOBJECT_SCULPTURE	GameCore	4	.data	0xb8bb4c	0xb8db50	3	1.00
GameCore::GREATWORKOBJECT_WRITING	GameCore	4	.data	0xb8bb60	0xb8db64	5	1.00
GameCore::GREATWORKSLOT_ART	GameCore	4	.data	0xb8bb28	0xb8db2c	2	1.00
GameCore::GREATWORKSLOT_ARTIFACT	GameCore	4	.data	0xb8bb2c	0xb8db30	2	1.00
GameCore::GREATWORKSLOT_CATHEDRAL	GameCore	4	.data	0xb8bb30	0xb8db34	2	1.00
GameCore::GREATWORKSLOT_HERO	GameCore	4	.data	0xb8bb44	0xb8db48	5	1.00
GameCore::GREATWORKSLOT_MUSIC	GameCore	4	.data	0xb8bb34	0xb8db38	2	1.00
GameCore::GREATWORKSLOT_PALACE	GameCore	4	.data	0xb8bb38	0xb8db3c	2	1.00
GameCore::GREATWORKSLOT_PRODUCT	GameCore	4	.data	0xb8bb48	0xb8db4c	3	1.00
GameCore::GREATWORKSLOT_RELIC	GameCore	4	.data	0xb8bb3c	0xb8db40	2	1.00
GameCore::GREATWORKSLOT_WRITING	GameCore	4	.data	0xb8bb40	0xb8db44	2	1.00
GameCore::Game::Archaeology::ms_uiComponentID	uint	4	.data	0xb8bb10	0xb8db10	1	1.00
GameCore::Game::Archaeology::ms_uiComponentIndex	uint	4	.data	0xb61a20	0xb63a20	2	1.00
GameCore::Game::Autoplay::Manager::m_bActive	bool	1	.data	0xb88a50	0xb8aa50	10	1.00
GameCore::Game::Autoplay::Manager::m_bDisableAssertsWhileActive	bool	1	.data	0xb88a53	0xb8aa53	2	1.00
GameCore::Game::Autoplay::Manager::m_bEndTurnSignaled	bool	1	.data	0xb88a54	0xb8aa54	5	1.00
GameCore::Game::Autoplay::Manager::m_bHasPendingStateChange	bool	1	.data	0xb88a51	0xb8aa51	9	1.00
GameCore::Game::Autoplay::Manager::m_bPendingState	bool	1	.data	0xb88a52	0xb8aa52	9	1.00
GameCore::Game::Autoplay::Manager::m_eLocalObserveAs	GameCore	4	.data	0xb5ed0c	0xb60d0c	4	1.00
GameCore::Game::Autoplay::Manager::m_eLocalPlayerResumeAs	GameCore	4	.data	0xb5ed08	0xb60d08	5	1.00
GameCore::Game::Autoplay::Manager::m_iTurns	int	4	.data	0xb88a4c	0xb8aa4c	6	1.00
GameCore::Game::Climate::Manager::ms_uiComponentID	uint	4	.data	0xb8bb1c	0xb8db1c	1	1.00
GameCore::Game::Climate::Manager::ms_uiComponentIndex	uint	4	.data	0xb61a90	0xb63a90	6	1.00
GameCore::Game::Culture::ms_uiComponentID	uint	4	.data	0xb8bb74	0xb8db28	1	1.00
GameCore::Game::Culture::ms_uiComponentIndex	uint	4	.data	0xb61b00	0xb63b00	2	1.00
GameCore::Game::CurrentVersion	const int	4	.rdata	0x9bef50	0x9bff50	1	1.00
GameCore::Game::DiplomaticRelations::ms_uiComponentID	uint	4	.data	0xb8bb80	0xb8db80	1	1.00
GameCore::Game::DiplomaticRelations::ms_uiComponentIndex	uint	4	.data	0xb61b70	0xb63b70	2	1.00
GameCore::Game::Economic::Manager::ms_uiComponentID	uint	4	.data	0xb8dc10	0xb8fc10	1	1.00
GameCore::Game::Economic::Manager::ms_uiComponentIndex	uint	4	.data	0xb672c0	0xb692c0	2	1.00
GameCore::Game::Eras::ms_uiComponentID	uint	4	.data	0xb8bb98	0xb8db98	1	1.00
GameCore::Game::Eras::ms_uiComponentIndex	uint	4	.data	0xb61be0	0xb63be0	2	1.00
GameCore::Game::Fallout::Manager::ms_uiComponentID	uint	4	.data	0xb8bba4	0xb8dba4	1	1.00
GameCore::Game::Fallout::Manager::ms_uiComponentIndex	uint	4	.data	0xb61c50	0xb63c50	2	1.00
GameCore::Game::Gossip::AgendaKudos::ms_hMessage	GameCore::Message::Handle	16	.data	0xb8bbc0	0xb8dbc0	3	1.00
GameCore::Game::Gossip::AgendaWarning::ms_hMessage	GameCore::Message::Handle	16	.data	0xb8bbd0	0xb8dbd0	3	1.00
GameCore::Game::Gossip::Allied::ms_hMessage	GameCore::Message::Handle	16	.data	0xb8bbe0	0xb8dbe0	3	1.00
GameCore::Game::Gossip::AnarchyBegins::ms_hMessage	GameCore::Message::Handle	16	.data	0xb8bbf0	0xb8dbf0	3	1.00
GameCore::Game::Gossip::ArtifactExtracted::ms_hMessage	GameCore::Message::Handle	16	.data	0xb8bc00	0xb8dc00	3	1.00
GameCore::Game::Gossip::BarbarianInvasionStarted::ms_hMessage	GameCore::Message::Handle	16	.data	0xb8bc10	0xb8dc10	3	1.00
GameCore::Game::Gossip::BarbarianRaidStarted::ms_hMessage	GameCore::Message::Handle	16	.data	0xb8bc20	0xb8dc20	3	1.00
GameCore::Game::Gossip::BeachResortCreated::ms_hMessage	GameCore::Message::Handle	16	.data	0xb8bc30	0xb8dc30	3	1.00
GameCore::Game::Gossip::BuildingConstructed::ms_hMessage	GameCore::Message::Handle	16	.data	0xb8bc40	0xb8dc40	3	1.00
GameCore::Game::Gossip::CampDestroyed::ms_hMessage	GameCore::Message::Handle	16	.data	0xb8bc50	0xb8dc50	3	1.00
GameCore::Game::Gossip::CityBesieged::ms_hMessage	GameCore::Message::Handle	16	.data	0xb8bc60	0xb8dc60	3	1.00
GameCore::Game::Gossip::CityFounded::ms_hMessage	GameCore::Message::Handle	16	.data	0xb8bc70	0xb8dc70	3	1.00
GameCore::Game::Gossip::CityLiberated::ms_hMessage	GameCore::Message::Handle	16	.data	0xb8bc80	0xb8dc80	3	1.00
GameCore::Game::Gossip::CityRazed::ms_hMessage	GameCore::Message::Handle	16	.data	0xb8bc90	0xb8dc90	3	1.00
GameCore::Game::Gossip::CityStateInfluence::ms_hMessage	GameCore::Message::Handle	16	.data	0xb8bca0	0xb8dca0	3	1.00
GameCore::Game::Gossip::ConquerCity::ms_hMessage	GameCore::Message::Handle	16	.data	0xb8bcb0	0xb8dcb0	3	1.00
GameCore::Game::Gossip::CulturevateCivic::ms_hMessage	GameCore::Message::Handle	16	.data	0xb8bcc0	0xb8dcc0	3	1.00
GameCore::Game::Gossip::DeclaredFriendship::ms_hMessage	GameCore::Message::Handle	16	.data	0xb8bcd0	0xb8dcd0	3	1.00
GameCore::Game::Gossip::Delegation::ms_hMessage	GameCore::Message::Handle	16	.data	0xb8bce0	0xb8dce0	3	1.00
GameCore::Game::Gossip::Denounced::ms_hMessage	GameCore::Message::Handle	16	.data	0xb8bcf0	0xb8dcf0	3	1.00
GameCore::Game::Gossip::DistrictConstructed::ms_hMessage	GameCore::Message::Handle	16	.data	0xb8bd00	0xb8dd00	3	1.00
GameCore::Game::Gossip::Embassy::ms_hMessage	GameCore::Message::Handle	16	.data	0xb8bd30	0xb8dd30	3	1.00
GameCore::Game::Gossip::EraChanged::ms_hMessage	GameCore::Message::Handle	16	.data	0xb8bd40	0xb8dd40	3	1.00
GameCore::Game::Gossip::GovernmentChanged::ms_hMessage	GameCore::Message::Handle	16	.data	0xb8bd60	0xb8dd60	3	1.00
GameCore::Game::Gossip::GreatPersonCreated::ms_hMessage	GameCore::Message::Handle	16	.data	0xb8bd50	0xb8dd50	3	1.00
GameCore::Game::Gossip::InquisitionLaunched::ms_hMessage	GameCore::Message::Handle	16	.data	0xb8bd90	0xb8dd90	3	1.00
GameCore::Game::Gossip::LandUnitPromoted::ms_hMessage	GameCore::Message::Handle	16	.data	0xb8bd70	0xb8dd70	3	1.00
GameCore::Game::Gossip::LaunchingAttack::ms_hMessage	GameCore::Message::Handle	16	.data	0xb8bd80	0xb8dd80	3	1.00
GameCore::Game::Gossip::Manager::ms_uiComponentID	uint	4	.data	0xb8bbb0	0xb8dbb0	1	1.00
GameCore::Game::Gossip::Manager::ms_uiComponentIndex	uint	4	.data	0xb61cc0	0xb63cc0	2	1.00
GameCore::Game::Gossip::NationalParkCreated::ms_hMessage	GameCore::Message::Handle	16	.data	0xb8bda0	0xb8dda0	3	1.00
GameCore::Game::Gossip::NaturalWonderFound::ms_hMessage	GameCore::Message::Handle	16	.data	0xb8bdb0	0xb8ddb0	3	1.00
GameCore::Game::Gossip::NavalUnitPromoted::ms_hMessage	GameCore::Message::Handle	16	.data	0xb8bdc0	0xb8ddc0	3	1.00
GameCore::Game::Gossip::NewReligiousMajority::ms_hMessage	GameCore::Message::Handle	16	.data	0xb8bdd0	0xb8ddd0	3	1.00
GameCore::Game::Gossip::PantheonCreated::ms_hMessage	GameCore::Message::Handle	16	.data	0xb8bde0	0xb8dde0	3	1.00
GameCore::Game::Gossip::Pillage::ms_hMessage	GameCore::Message::Handle	16	.data	0xb8bdf0	0xb8ddf0	3	1.00
GameCore::Game::Gossip::PolicyEnacted::ms_hMessage	GameCore::Message::Handle	16	.data	0xb8be00	0xb8de00	3	1.00
GameCore::Game::Gossip::PoweredCity::ms_hMessage	GameCore::Message::Handle	16	.data	0xb8be10	0xb8de10	3	1.00
GameCore::Game::Gossip::ProjectStarted::ms_hMessage	GameCore::Message::Handle	16	.data	0xb8be20	0xb8de20	3	1.00
GameCore::Game::Gossip::RandomEvent::ms_hMessage	GameCore::Message::Handle	16	.data	0xb8be70	0xb8de70	3	1.00
GameCore::Game::Gossip::RelicReceived::ms_hMessage	GameCore::Message::Handle	16	.data	0xb8be30	0xb8de30	3	1.00
GameCore::Game::Gossip::ReligionFounded::ms_hMessage	GameCore::Message::Handle	16	.data	0xb8be40	0xb8de40	3	1.00
GameCore::Game::Gossip::ResearchAgreement::ms_hMessage	GameCore::Message::Handle	16	.data	0xb8be50	0xb8de50	3	1.00
GameCore::Game::Gossip::ResearchedTech::ms_hMessage	GameCore::Message::Handle	16	.data	0xb8be60	0xb8de60	3	1.00
GameCore::Game::Gossip::RockConcert::ms_hMessage	GameCore::Message::Handle	16	.data	0xb8be80	0xb8de80	3	1.00
GameCore::Game::Gossip::SettlerCreated::ms_hMessage	GameCore::Message::Handle	16	.data	0xb8bf60	0xb8df60	3	1.00
GameCore::Game::Gossip::SpaceRaceProjectCompleted::ms_hMessage	GameCore::Message::Handle	16	.data	0xb8be90	0xb8de90	3	1.00
GameCore::Game::Gossip::SpyBreachDam::ms_hMessage	GameCore::Message::Handle	16	.data	0xb8bea0	0xb8dea0	3	1.00
GameCore::Game::Gossip::SpyDisruptRocketry::ms_hMessage	GameCore::Message::Handle	16	.data	0xb8bec0	0xb8dec0	3	1.00
GameCore::Game::Gossip::SpyGreatWorkHeist::ms_hMessage	GameCore::Message::Handle	16	.data	0xb8bee0	0xb8dee0	3	1.00
GameCore::Game::Gossip::SpyRecruitPartisans::ms_hMessage	GameCore::Message::Handle	16	.data	0xb8bf00	0xb8df00	3	1.00
GameCore::Game::Gossip::SpySabotageProduction::ms_hMessage	GameCore::Message::Handle	16	.data	0xb8bf10	0xb8df10	3	1.00
GameCore::Game::Gossip::SpySiphonFunds::ms_hMessage	GameCore::Message::Handle	16	.data	0xb8bf20	0xb8df20	3	1.00
GameCore::Game::Gossip::SpyStealTechBoost::ms_hMessage	GameCore::Message::Handle	16	.data	0xb8bf30	0xb8df30	3	1.00
GameCore::Game::Gossip::TradeDeal::ms_hMessage	GameCore::Message::Handle	16	.data	0xb8bf40	0xb8df40	3	1.00
GameCore::Game::Gossip::TradeRenege::ms_hMessage	GameCore::Message::Handle	16	.data	0xb8bf50	0xb8df50	3	1.00
GameCore::Game::Gossip::UnitCreated::ms_hMessage	GameCore::Message::Handle	16	.data	0xb8bf70	0xb8df70	3	1.00
GameCore::Game::Gossip::VictoryStrategyChanged::ms_hMessage	GameCore::Message::Handle	16	.data	0xb8bf80	0xb8df80	3	1.00
GameCore::Game::Gossip::WMDCityStrike::ms_hMessage	GameCore::Message::Handle	16	.data	0xb8bfa0	0xb8dfa0	3	1.00
GameCore::Game::Gossip::WMDStrike::ms_hMessage	GameCore::Message::Handle	16	.data	0xb8bfb0	0xb8dfb0	3	1.00
GameCore::Game::Gossip::WarPreparation::ms_hMessage	GameCore::Message::Handle	16	.data	0xb8bfc0	0xb8dfc0	3	1.00
GameCore::Game::Gossip::WonderStarted::ms_hMessage	GameCore::Message::Handle	16	.data	0xb8bfd0	0xb8dfd0	3	1.00
GameCore::Game::GreatPeople::ms_uiComponentID	uint	4	.data	0xb8bfe0	0xb8dfe0	1	1.00
GameCore::Game::GreatPeople::ms_uiComponentIndex	uint	4	.data	0xb61d30	0xb63d30	2	1.00
GameCore::Game::HeroesManager::ms_uiComponentID	uint	4	.data	0xb8dc1c	0xb8fc1c	1	1.00
GameCore::Game::HeroesManager::ms_uiComponentIndex	uint	4	.data	0xb67330	0xb69330	2	1.00
GameCore::Game::History::Manager::ms_uiComponentID	uint	4	.data	0xb8bfec	0xb8dfec	1	1.00
GameCore::Game::History::Manager::ms_uiComponentIndex	uint	4	.data	0xb61da0	0xb63da0	2	1.00
GameCore::Game::NameManager::ms_uiComponentID	uint	4	.data	0xb8c03c	0xb8e03c	1	1.00
GameCore::Game::NameManager::ms_uiComponentIndex	uint	4	.data	0xb61e70	0xb63e70	2	1.00
GameCore::Game::NationalParks::ms_uiComponentID	uint	4	.data	0xb8c048	0xb8e048	1	1.00
GameCore::Game::NationalParks::ms_uiComponentIndex	uint	4	.data	0xb61ee0	0xb63ee0	2	1.00
GameCore::Game::RandomEvents::ms_uiComponentID	uint	4	.data	0xb8c054	0xb8e054	1	1.00
GameCore::Game::RandomEvents::ms_uiComponentIndex	uint	4	.data	0xb61f50	0xb63f50	2	1.00
GameCore::Game::Religion::ms_uiComponentID	uint	4	.data	0xb8c060	0xb8e060	1	1.00
GameCore::Game::Religion::ms_uiComponentIndex	uint	4	.data	0xb61fc0	0xb63fc0	2	1.00
GameCore::Game::SecretSocietyManager::ms_uiComponentID	uint	4	.data	0xb8dfb4	0xb8ffb4	1	1.00
GameCore::Game::SecretSocietyManager::ms_uiComponentIndex	uint	4	.data	0xb6a2f0	0xb6c2f0	2	1.00
GameCore::Game::Stats::ms_uiComponentID	uint	4	.data	0xb8c06c	0xb8e06c	1	1.00
GameCore::Game::Stats::ms_uiComponentIndex	uint	4	.data	0xb62030	0xb64030	2	1.00
GameCore::Game::Techs::ms_uiComponentID	uint	4	.data	0xb8c094	0xb8e094	1	1.00
GameCore::Game::Techs::ms_uiComponentIndex	uint	4	.data	0xb62034	0xb64034	2	1.00
GameCore::Game::ms_aiLastTurnInitialAIProcessed	Types::StaticArray<int, 64>	256	.data	0xb88b30	0xb8ab30	3	1.00
GameCore::Game::ms_aiTurnOrder	Types::StaticArray<int, 64>	256	.data	0xb88c30	0xb8ac30	8	1.00
GameCore::Game::ms_bAdvanceTurn	bool	1	.data	0xb88b21	0xb8ab21	11	1.00
GameCore::Game::ms_bIsGenerating	bool	1	.data	0xb8c03b	0xb8e03b	3	1.00
GameCore::Game::ms_bNeedsUpdate	bool	1	.data	0xb88b23	0xb8ab23	2	1.00
GameCore::Game::ms_bNewGame	bool	1	.data	0xb88b22	0xb8ab22	8	1.00
GameCore::Game::ms_bTurnComplete	bool	1	.data	0xb88b20	0xb8ab20	9	1.00
GameCore::Game::ms_iLastTurnAIProcessed	int	4	.data	0xb5f2c0	0xb612c0	5	1.00
GameCore::INVALID_ID	const IDType	4	.rdata	0xa0af28	0xa0c1f8	2	1.00
GameCore::IndexSerializer::serialVersion	int	4	.data	0xb66490	0xb68490	5	1.00
GameCore::Lua::ScopedVirtualInstance<GameCore::Cache::Lua::IAiCityBuild, GameCore::Cache::AI::CityBuild>::ms_pkInitializer	std::__1::unique_ptr<GameCore::Cache::Lua::IAiCityBuild, std::__1::default_delete<GameCore::Cache::Lua::IAiCityBuild> >	8	.data	0xb69530	0xb6b530	5	1.00
GameCore::Lua::ScopedVirtualInstance<GameCore::Cache::Lua::IAiDiplomacy, GameCore::Cache::AI::Diplomatic>::ms_pkInitializer	std::__1::unique_ptr<GameCore::Cache::Lua::IAiDiplomacy, std::__1::default_delete<GameCore::Cache::Lua::IAiDiplomacy> >	8	.data	0xb69538	0xb6b538	5	1.00
GameCore::Lua::ScopedVirtualInstance<GameCore::Cache::Lua::IAiGrandStrategic, GameCore::Cache::AI::GrandStrategic>::ms_pkInitializer	std::__1::unique_ptr<GameCore::Cache::Lua::IAiGrandStrategic, std::__1::default_delete<GameCore::Cache::Lua::IAiGrandStrategic> >	8	.data	0xb695a0	0xb6b5a0	5	1.00
GameCore::Lua::ScopedVirtualInstance<GameCore::Cache::Lua::IBarbarians, GameCore::Cache::Barbarian::Manager>::ms_pkInitializer	std::__1::unique_ptr<GameCore::Cache::Lua::IBarbarians, std::__1::default_delete<GameCore::Cache::Lua::IBarbarians> >	8	.data	0xb69610	0xb6b610	5	1.00
GameCore::Lua::ScopedVirtualInstance<GameCore::Cache::Lua::ICity, GameCore::Cache::City::Instance>::ms_pkInitializer	std::__1::unique_ptr<GameCore::Cache::Lua::ICity, std::__1::default_delete<GameCore::Cache::Lua::ICity> >	8	.data	0xb65638	0xb67638	8	1.00
GameCore::Lua::ScopedVirtualInstance<GameCore::Cache::Lua::ICityBuildQueue, GameCore::Cache::City::BuildQueue>::ms_pkInitializer	std::__1::unique_ptr<GameCore::Cache::Lua::ICityBuildQueue, std::__1::default_delete<GameCore::Cache::Lua::ICityBuildQueue> >	8	.data	0xb696f8	0xb6b6f8	8	1.00
GameCore::Lua::ScopedVirtualInstance<GameCore::Cache::Lua::ICityBuildings, GameCore::Cache::City::Buildings>::ms_pkInitializer	std::__1::unique_ptr<GameCore::Cache::Lua::ICityBuildings, std::__1::default_delete<GameCore::Cache::Lua::ICityBuildings> >	8	.data	0xb696f0	0xb6b6f0	5	1.00
GameCore::Lua::ScopedVirtualInstance<GameCore::Cache::Lua::ICityCitizens, GameCore::Cache::City::Citizens>::ms_pkInitializer	std::__1::unique_ptr<GameCore::Cache::Lua::ICityCitizens, std::__1::default_delete<GameCore::Cache::Lua::ICityCitizens> >	8	.data	0xb69700	0xb6b700	5	1.00
GameCore::Lua::ScopedVirtualInstance<GameCore::Cache::Lua::ICityCulturalIdentity, GameCore::Cache::City::CulturalIdentity>::ms_pkInitializer	std::__1::unique_ptr<GameCore::Cache::Lua::ICityCulturalIdentity, std::__1::default_delete<GameCore::Cache::Lua::ICityCulturalIdentity> >	8	.data	0xb6a360	0xb6c360	8	1.00
GameCore::Lua::ScopedVirtualInstance<GameCore::Cache::Lua::ICityCulture, GameCore::Cache::City::Culture>::ms_pkInitializer	std::__1::unique_ptr<GameCore::Cache::Lua::ICityCulture, std::__1::default_delete<GameCore::Cache::Lua::ICityCulture> >	8	.data	0xb69718	0xb6b718	5	1.00
GameCore::Lua::ScopedVirtualInstance<GameCore::Cache::Lua::ICityDistricts, GameCore::Cache::City::Districts>::ms_pkInitializer	std::__1::unique_ptr<GameCore::Cache::Lua::ICityDistricts, std::__1::default_delete<GameCore::Cache::Lua::ICityDistricts> >	8	.data	0xb69708	0xb6b708	5	1.00
GameCore::Lua::ScopedVirtualInstance<GameCore::Cache::Lua::ICityGold, GameCore::Cache::City::Gold>::ms_pkInitializer	std::__1::unique_ptr<GameCore::Cache::Lua::ICityGold, std::__1::default_delete<GameCore::Cache::Lua::ICityGold> >	8	.data	0xb69720	0xb6b720	5	1.00
GameCore::Lua::ScopedVirtualInstance<GameCore::Cache::Lua::ICityGrowth, GameCore::Cache::City::Growth>::ms_pkInitializer	std::__1::unique_ptr<GameCore::Cache::Lua::ICityGrowth, std::__1::default_delete<GameCore::Cache::Lua::ICityGrowth> >	8	.data	0xb69710	0xb6b710	8	1.00
GameCore::Lua::ScopedVirtualInstance<GameCore::Cache::Lua::ICityReligion, GameCore::Cache::City::Religion>::ms_pkInitializer	std::__1::unique_ptr<GameCore::Cache::Lua::ICityReligion, std::__1::default_delete<GameCore::Cache::Lua::ICityReligion> >	8	.data	0xb69728	0xb6b728	5	1.00
GameCore::Lua::ScopedVirtualInstance<GameCore::Cache::Lua::ICityTrade, GameCore::Cache::City::Trade>::ms_pkInitializer	std::__1::unique_ptr<GameCore::Cache::Lua::ICityTrade, std::__1::default_delete<GameCore::Cache::Lua::ICityTrade> >	8	.data	0xb69730	0xb6b730	5	1.00
GameCore::Lua::ScopedVirtualInstance<GameCore::Cache::Lua::IDistrict, GameCore::Cache::District::Instance>::ms_pkInitializer	std::__1::unique_ptr<GameCore::Cache::Lua::IDistrict, std::__1::default_delete<GameCore::Cache::Lua::IDistrict> >	8	.data	0xb656a8	0xb676a8	5	1.00
GameCore::Lua::ScopedVirtualInstance<GameCore::Cache::Lua::IGameDiplomacy, GameCore::Cache::Game::DiplomaticRelations>::ms_pkInitializer	std::__1::unique_ptr<GameCore::Cache::Lua::IGameDiplomacy, std::__1::default_delete<GameCore::Cache::Lua::IGameDiplomacy> >	8	.data	0xb698b8	0xb6b8b8	8	1.00
GameCore::Lua::ScopedVirtualInstance<GameCore::Cache::Lua::IGameEconomicManager, GameCore::Cache::Game::Economic::Manager>::ms_pkInitializer	std::__1::unique_ptr<GameCore::Cache::Lua::IGameEconomicManager, std::__1::default_delete<GameCore::Cache::Lua::IGameEconomicManager> >	8	.data	0xb5e180	0xb60180	6	1.00
GameCore::Lua::ScopedVirtualInstance<GameCore::Cache::Lua::IGameFalloutManager, GameCore::Cache::Game::Fallout::Manager>::ms_pkInitializer	std::__1::unique_ptr<GameCore::Cache::Lua::IGameFalloutManager, std::__1::default_delete<GameCore::Cache::Lua::IGameFalloutManager> >	8	.data	0xb69820	0xb6b820	8	1.00
GameCore::Lua::ScopedVirtualInstance<GameCore::Cache::Lua::IGameGossipManager, GameCore::Cache::Game::Gossip::Manager>::ms_pkInitializer	std::__1::unique_ptr<GameCore::Cache::Lua::IGameGossipManager, std::__1::default_delete<GameCore::Cache::Lua::IGameGossipManager> >	8	.data	0xb698a8	0xb6b8a8	5	1.00
GameCore::Lua::ScopedVirtualInstance<GameCore::Cache::Lua::IGameGreatPeople, GameCore::Cache::Game::GreatPeople>::ms_pkInitializer	std::__1::unique_ptr<GameCore::Cache::Lua::IGameGreatPeople, std::__1::default_delete<GameCore::Cache::Lua::IGameGreatPeople> >	8	.data	0xb698a0	0xb6b8a0	5	1.00
GameCore::Lua::ScopedVirtualInstance<GameCore::Cache::Lua::IGameHeroesManager, GameCore::Cache::Game::HeroesManager>::ms_pkInitializer	std::__1::unique_ptr<GameCore::Cache::Lua::IGameHeroesManager, std::__1::default_delete<GameCore::Cache::Lua::IGameHeroesManager> >	8	.data	0xb698d0	0xb6b8d0	5	1.00
GameCore::Lua::ScopedVirtualInstance<GameCore::Cache::Lua::IGameHistoryManager, GameCore::Cache::Game::History::Manager>::ms_pkInitializer	std::__1::unique_ptr<GameCore::Cache::Lua::IGameHistoryManager, std::__1::default_delete<GameCore::Cache::Lua::IGameHistoryManager> >	8	.data	0xb6a368	0xb6c368	5	1.00
GameCore::Lua::ScopedVirtualInstance<GameCore::Cache::Lua::IGameNationalParks, GameCore::Cache::Game::NationalParks>::ms_pkInitializer	std::__1::unique_ptr<GameCore::Cache::Lua::IGameNationalParks, std::__1::default_delete<GameCore::Cache::Lua::IGameNationalParks> >	8	.data	0xb698c8	0xb6b8c8	5	1.00
GameCore::Lua::ScopedVirtualInstance<GameCore::Cache::Lua::IGameReligion, GameCore::Cache::Game::Religion>::ms_pkInitializer	std::__1::unique_ptr<GameCore::Cache::Lua::IGameReligion, std::__1::default_delete<GameCore::Cache::Lua::IGameReligion> >	8	.data	0xb698c0	0xb6b8c0	5	1.00
GameCore::Lua::ScopedVirtualInstance<GameCore::Cache::Lua::IGovernor, GameCore::Cache::Governor::Instance>::ms_pkInitializer	std::__1::unique_ptr<GameCore::Cache::Lua::IGovernor, std::__1::default_delete<GameCore::Cache::Lua::IGovernor> >	8	.data	0xb6a370	0xb6c370	8	1.00
GameCore::Lua::ScopedVirtualInstance<GameCore::Cache::Lua::IInfluenceMap, GameCore::Cache::AI::InfluenceMap>::ms_pkInitializer	std::__1::unique_ptr<GameCore::Cache::Lua::IInfluenceMap, std::__1::default_delete<GameCore::Cache::Lua::IInfluenceMap> >	8	.data	0xb69940	0xb6b940	5	1.00
GameCore::Lua::ScopedVirtualInstance<GameCore::Cache::Lua::IMapCityPlots, GameCore::Cache::Map::CityPlots>::ms_pkInitializer	std::__1::unique_ptr<GameCore::Cache::Lua::IMapCityPlots, std::__1::default_delete<GameCore::Cache::Lua::IMapCityPlots> >	8	.data	0xb699b8	0xb6b9b8	5	1.00
GameCore::Lua::ScopedVirtualInstance<GameCore::Cache::Lua::IMapPlotUnitList, GameCore::Map::ComponentIDFixedVector>::ms_pkInitializer	std::__1::unique_ptr<GameCore::Cache::Lua::IMapPlotUnitList, std::__1::default_delete<GameCore::Cache::Lua::IMapPlotUnitList> >	8	.data	0xb699c0	0xb6b9c0	5	1.00
GameCore::Lua::ScopedVirtualInstance<GameCore::Cache::Lua::IPlayer, GameCore::Lua::PlayerReference>::ms_pkInitializer	std::__1::unique_ptr<GameCore::Cache::Lua::IPlayer, std::__1::default_delete<GameCore::Cache::Lua::IPlayer> >	8	.data	0xb69a30	0xb6ba30	11	1.00
GameCore::Lua::ScopedVirtualInstance<GameCore::Cache::Lua::IPlayerCities, GameCore::Cache::Player::Cities>::ms_pkInitializer	std::__1::unique_ptr<GameCore::Cache::Lua::IPlayerCities, std::__1::default_delete<GameCore::Cache::Lua::IPlayerCities> >	8	.data	0xb69ae8	0xb6bae8	8	1.00
GameCore::Lua::ScopedVirtualInstance<GameCore::Cache::Lua::IPlayerCulture, GameCore::Cache::Player::Culture>::ms_pkInitializer	std::__1::unique_ptr<GameCore::Cache::Lua::IPlayerCulture, std::__1::default_delete<GameCore::Cache::Lua::IPlayerCulture> >	8	.data	0xb69ab8	0xb6bab8	8	1.00
GameCore::Lua::ScopedVirtualInstance<GameCore::Cache::Lua::IPlayerDiplomacy, GameCore::Cache::Player::Diplomacy>::ms_pkInitializer	std::__1::unique_ptr<GameCore::Cache::Lua::IPlayerDiplomacy, std::__1::default_delete<GameCore::Cache::Lua::IPlayerDiplomacy> >	8	.data	0xb69ac0	0xb6bac0	8	1.00
GameCore::Lua::ScopedVirtualInstance<GameCore::Cache::Lua::IPlayerDistricts, GameCore::Cache::Player::Districts>::ms_pkInitializer	std::__1::unique_ptr<GameCore::Cache::Lua::IPlayerDistricts, std::__1::default_delete<GameCore::Cache::Lua::IPlayerDistricts> >	8	.data	0xb69af0	0xb6baf0	5	1.00
GameCore::Lua::ScopedVirtualInstance<GameCore::Cache::Lua::IPlayerGovernors, GameCore::Cache::Player::Governors>::ms_pkInitializer	std::__1::unique_ptr<GameCore::Cache::Lua::IPlayerGovernors, std::__1::default_delete<GameCore::Cache::Lua::IPlayerGovernors> >	8	.data	0xb6a378	0xb6c378	5	1.00
GameCore::Lua::ScopedVirtualInstance<GameCore::Cache::Lua::IPlayerGreatPeoplePoints, GameCore::Cache::Player::GreatPeoplePoints>::ms_pkInitializer	std::__1::unique_ptr<GameCore::Cache::Lua::IPlayerGreatPeoplePoints, std::__1::default_delete<GameCore::Cache::Lua::IPlayerGreatPeoplePoints> >	8	.data	0xb69af8	0xb6baf8	8	1.00
GameCore::Lua::ScopedVirtualInstance<GameCore::Cache::Lua::IPlayerImprovements, GameCore::Cache::Player::Improvements>::ms_pkInitializer	std::__1::unique_ptr<GameCore::Cache::Lua::IPlayerImprovements, std::__1::default_delete<GameCore::Cache::Lua::IPlayerImprovements> >	8	.data	0xb69b10	0xb6bb10	5	1.00
GameCore::Lua::ScopedVirtualInstance<GameCore::Cache::Lua::IPlayerInfluence, GameCore::Cache::Player::Influence>::ms_pkInitializer	std::__1::unique_ptr<GameCore::Cache::Lua::IPlayerInfluence, std::__1::default_delete<GameCore::Cache::Lua::IPlayerInfluence> >	8	.data	0xb69b00	0xb6bb00	8	1.00
GameCore::Lua::ScopedVirtualInstance<GameCore::Cache::Lua::IPlayerReligion, GameCore::Cache::Player::Religion>::ms_pkInitializer	std::__1::unique_ptr<GameCore::Cache::Lua::IPlayerReligion, std::__1::default_delete<GameCore::Cache::Lua::IPlayerReligion> >	8	.data	0xb69ac8	0xb6bac8	5	1.00
GameCore::Lua::ScopedVirtualInstance<GameCore::Cache::Lua::IPlayerResources, GameCore::Cache::Player::Resources>::ms_pkInitializer	std::__1::unique_ptr<GameCore::Cache::Lua::IPlayerResources, std::__1::default_delete<GameCore::Cache::Lua::IPlayerResources> >	8	.data	0xb69ab0	0xb6bab0	8	1.00
GameCore::Lua::ScopedVirtualInstance<GameCore::Cache::Lua::IPlayerStats, GameCore::Cache::Player::Stats>::ms_pkInitializer	std::__1::unique_ptr<GameCore::Cache::Lua::IPlayerStats, std::__1::default_delete<GameCore::Cache::Lua::IPlayerStats> >	8	.data	0xb69b18	0xb6bb18	8	1.00
GameCore::Lua::ScopedVirtualInstance<GameCore::Cache::Lua::IPlayerTechs, GameCore::Cache::Player::Techs>::ms_pkInitializer	std::__1::unique_ptr<GameCore::Cache::Lua::IPlayerTechs, std::__1::default_delete<GameCore::Cache::Lua::IPlayerTechs> >	8	.data	0xb69aa8	0xb6baa8	5	1.00
GameCore::Lua::ScopedVirtualInstance<GameCore::Cache::Lua::IPlayerTrade, GameCore::Cache::Player::Trade>::ms_pkInitializer	std::__1::unique_ptr<GameCore::Cache::Lua::IPlayerTrade, std::__1::default_delete<GameCore::Cache::Lua::IPlayerTrade> >	8	.data	0xb69ad0	0xb6bad0	8	1.00
GameCore::Lua::ScopedVirtualInstance<GameCore::Cache::Lua::IPlayerTreasury, GameCore::Cache::Player::Treasury>::ms_pkInitializer	std::__1::unique_ptr<GameCore::Cache::Lua::IPlayerTreasury, std::__1::default_delete<GameCore::Cache::Lua::IPlayerTreasury> >	8	.data	0xb69ad8	0xb6bad8	5	1.00
GameCore::Lua::ScopedVirtualInstance<GameCore::Cache::Lua::IPlayerUnits, GameCore::Cache::Player::Units>::ms_pkInitializer	std::__1::unique_ptr<GameCore::Cache::Lua::IPlayerUnits, std::__1::default_delete<GameCore::Cache::Lua::IPlayerUnits> >	8	.data	0xb69ae0	0xb6bae0	5	1.00
GameCore::Lua::ScopedVirtualInstance<GameCore::Cache::Lua::IPlayerVisibility, GameCore::Lua::PlayerReference>::ms_pkInitializer	std::__1::unique_ptr<GameCore::Cache::Lua::IPlayerVisibility, std::__1::default_delete<GameCore::Cache::Lua::IPlayerVisibility> >	8	.data	0xb69b90	0xb6bb90	5	1.00
GameCore::Lua::ScopedVirtualInstance<GameCore::Cache::Lua::IPlayerWMDs, GameCore::Cache::Player::WMDs>::ms_pkInitializer	std::__1::unique_ptr<GameCore::Cache::Lua::IPlayerWMDs, std::__1::default_delete<GameCore::Cache::Lua::IPlayerWMDs> >	8	.data	0xb69b08	0xb6bb08	5	1.00
GameCore::Lua::ScopedVirtualInstance<GameCore::Cache::Lua::IQuestsManager, GameCore::Cache::Quests::Manager>::ms_pkInitializer	std::__1::unique_ptr<GameCore::Cache::Lua::IQuestsManager, std::__1::default_delete<GameCore::Cache::Lua::IQuestsManager> >	8	.data	0xb698b0	0xb6b8b0	5	1.00
GameCore::Lua::ScopedVirtualInstance<GameCore::Cache::Lua::ITradeManager, GameCore::Cache::Trade::Manager>::ms_pkInitializer	std::__1::unique_ptr<GameCore::Cache::Lua::ITradeManager, std::__1::default_delete<GameCore::Cache::Lua::ITradeManager> >	8	.data	0xb69898	0xb6b898	5	1.00
GameCore::Lua::ScopedVirtualInstance<GameCore::Cache::Lua::IUnit, GameCore::Cache::Unit::Instance>::ms_pkInitializer	std::__1::unique_ptr<GameCore::Cache::Lua::IUnit, std::__1::default_delete<GameCore::Cache::Lua::IUnit> >	8	.data	0xb5e580	0xb60580	8	1.00
GameCore::Lua::ScopedVirtualInstance<GameCore::Cache::Lua::IUnitAbility, GameCore::Cache::Unit::Ability>::ms_pkInitializer	std::__1::unique_ptr<GameCore::Cache::Lua::IUnitAbility, std::__1::default_delete<GameCore::Cache::Lua::IUnitAbility> >	8	.data	0xb69bb0	0xb6bbb0	5	1.00
GameCore::Lua::ScopedVirtualInstance<GameCore::Cache::Lua::IUnitArchaeology, GameCore::Cache::Unit::Archaeology>::ms_pkInitializer	std::__1::unique_ptr<GameCore::Cache::Lua::IUnitArchaeology, std::__1::default_delete<GameCore::Cache::Lua::IUnitArchaeology> >	8	.data	0xb69ba0	0xb6bba0	5	1.00
GameCore::Lua::ScopedVirtualInstance<GameCore::Cache::Lua::IUnitExperience, GameCore::Cache::Unit::Experience>::ms_pkInitializer	std::__1::unique_ptr<GameCore::Cache::Lua::IUnitExperience, std::__1::default_delete<GameCore::Cache::Lua::IUnitExperience> >	8	.data	0xb69ba8	0xb6bba8	5	1.00
GameCore::Lua::ScopedVirtualInstance<GameCore::Cache::Lua::IUnitGreatPerson, GameCore::Cache::Unit::GreatPerson>::ms_pkInitializer	std::__1::unique_ptr<GameCore::Cache::Lua::IUnitGreatPerson, std::__1::default_delete<GameCore::Cache::Lua::IUnitGreatPerson> >	8	.data	0xb69bb8	0xb6bbb8	5	1.00
GameCore::Lua::ScopedVirtualInstance<GameCore::Cache::Lua::IUnitTrade, GameCore::Cache::Unit::Trade>::ms_pkInitializer	std::__1::unique_ptr<GameCore::Cache::Lua::IUnitTrade, std::__1::default_delete<GameCore::Cache::Lua::IUnitTrade> >	8	.data	0xb69bc0	0xb6bbc0	5	1.00
GameCore::Lua::ScopedVirtualInstance<GameCore::Lua::ICity, GameCore::City::Instance>::ms_pkInitializer	std::__1::unique_ptr<GameCore::Lua::ICity, std::__1::default_delete<GameCore::Lua::ICity> >	8	.data	0xb5e830	0xb60830	8	1.00
GameCore::Lua::ScopedVirtualInstance<GameCore::Lua::IGameDiplomacy, GameCore::Game::DiplomaticRelations>::ms_pkInitializer	std::__1::unique_ptr<GameCore::Lua::IGameDiplomacy, std::__1::default_delete<GameCore::Lua::IGameDiplomacy> >	8	.data	0xb6a030	0xb6c030	8	1.00
GameCore::Lua::ScopedVirtualInstance<GameCore::Lua::IGameEras, GameCore::Game::Eras>::ms_pkInitializer	std::__1::unique_ptr<GameCore::Lua::IGameEras, std::__1::default_delete<GameCore::Lua::IGameEras> >	8	.data	0xb6a4a0	0xb6c4a0	5	1.00
GameCore::Lua::ScopedVirtualInstance<GameCore::Lua::IGameFalloutManager, GameCore::Game::Fallout::Manager>::ms_pkInitializer	std::__1::unique_ptr<GameCore::Lua::IGameFalloutManager, std::__1::default_delete<GameCore::Lua::IGameFalloutManager> >	8	.data	0xb69f50	0xb6bf50	8	1.00
GameCore::Lua::ScopedVirtualInstance<GameCore::Lua::IGameHeroesManager, GameCore::Game::HeroesManager>::ms_pkInitializer	std::__1::unique_ptr<GameCore::Lua::IGameHeroesManager, std::__1::default_delete<GameCore::Lua::IGameHeroesManager> >	8	.data	0xb6a040	0xb6c040	5	1.00
GameCore::Lua::ScopedVirtualInstance<GameCore::Lua::IGameReligion, GameCore::Game::Religion>::ms_pkInitializer	std::__1::unique_ptr<GameCore::Lua::IGameReligion, std::__1::default_delete<GameCore::Lua::IGameReligion> >	8	.data	0xb6a038	0xb6c038	5	1.00
GameCore::Lua::ScopedVirtualInstance<GameCore::Lua::IPlayer, GameCore::Lua::PlayerReference>::ms_pkInitializer	std::__1::unique_ptr<GameCore::Lua::IPlayer, std::__1::default_delete<GameCore::Lua::IPlayer> >	8	.data	0xb6a050	0xb6c050	8	1.00
GameCore::Lua::ScopedVirtualInstance<GameCore::Lua::IPlayerCulture, GameCore::Player::Culture>::ms_pkInitializer	std::__1::unique_ptr<GameCore::Lua::IPlayerCulture, std::__1::default_delete<GameCore::Lua::IPlayerCulture> >	8	.data	0xb6a070	0xb6c070	8	1.00
GameCore::Lua::ScopedVirtualInstance<GameCore::Lua::IPlayerDiplomacy, GameCore::Player::Diplomacy>::ms_pkInitializer	std::__1::unique_ptr<GameCore::Lua::IPlayerDiplomacy, std::__1::default_delete<GameCore::Lua::IPlayerDiplomacy> >	8	.data	0xb6a078	0xb6c078	8	1.00
GameCore::Lua::ScopedVirtualInstance<GameCore::Lua::IPlayerDistricts, GameCore::Player::Districts>::ms_pkInitializer	std::__1::unique_ptr<GameCore::Lua::IPlayerDistricts, std::__1::default_delete<GameCore::Lua::IPlayerDistricts> >	8	.data	0xb6a058	0xb6c058	5	1.00
GameCore::Lua::ScopedVirtualInstance<GameCore::Lua::IPlayerGovernors, GameCore::Player::Governors>::ms_pkInitializer	std::__1::unique_ptr<GameCore::Lua::IPlayerGovernors, std::__1::default_delete<GameCore::Lua::IPlayerGovernors> >	8	.data	0xb6a4a8	0xb6c4a8	5	1.00
GameCore::Lua::ScopedVirtualInstance<GameCore::Lua::IPlayerResources, GameCore::Player::Resources>::ms_pkInitializer	std::__1::unique_ptr<GameCore::Lua::IPlayerResources, std::__1::default_delete<GameCore::Lua::IPlayerResources> >	8	.data	0xb6a080	0xb6c080	8	1.00
GameCore::Lua::ScopedVirtualInstance<GameCore::Lua::IPlayerStats, GameCore::Player::Stats>::ms_pkInitializer	std::__1::unique_ptr<GameCore::Lua::IPlayerStats, std::__1::default_delete<GameCore::Lua::IPlayerStats> >	8	.data	0xb6a068	0xb6c068	8	1.00
GameCore::Lua::ScopedVirtualInstance<GameCore::Lua::IPlayerTrade, GameCore::Player::Trade>::ms_pkInitializer	std::__1::unique_ptr<GameCore::Lua::IPlayerTrade, std::__1::default_delete<GameCore::Lua::IPlayerTrade> >	8	.data	0xb6a060	0xb6c060	8	1.00
GameCore::Lua::StaticVirtualInstance<GameCore::Cache::Lua::ICities, GameCore::Cache::Map::CityContainer>::ms_pkInitializer	std::__1::unique_ptr<GameCore::Cache::Lua::ICities, std::__1::default_delete<GameCore::Cache::Lua::ICities> >	8	.data	0xb69680	0xb6b680	5	1.00
GameCore::Lua::StaticVirtualInstance<GameCore::Cache::Lua::ICityManager, GameCore::Cache::City::Manager>::ms_pkInitializer	std::__1::unique_ptr<GameCore::Cache::Lua::ICityManager, std::__1::default_delete<GameCore::Cache::Lua::ICityManager> >	8	.data	0xb697a0	0xb6b7a0	5	1.00
GameCore::Lua::StaticVirtualInstance<GameCore::Cache::Lua::IDealManager, GameCore::Cache::Diplomacy::Deal::Manager>::ms_pkInitializer	std::__1::unique_ptr<GameCore::Cache::Lua::IDealManager, std::__1::default_delete<GameCore::Cache::Lua::IDealManager> >	8	.data	0xb697a8	0xb6b7a8	5	1.00
GameCore::Lua::StaticVirtualInstance<GameCore::Cache::Lua::IDiplomacyManager, GameCore::Cache::Diplomacy::Manager>::ms_pkInitializer	std::__1::unique_ptr<GameCore::Cache::Lua::IDiplomacyManager, std::__1::default_delete<GameCore::Cache::Lua::IDiplomacyManager> >	8	.data	0xb697b0	0xb6b7b0	5	1.00
GameCore::Lua::StaticVirtualInstance<GameCore::Cache::Lua::IGame, GameCore::Cache::Game::Instance>::ms_pkInitializer	std::__1::unique_ptr<GameCore::Cache::Lua::IGame, std::__1::default_delete<GameCore::Cache::Lua::IGame> >	8	.data	0xb69890	0xb6b890	8	1.00
GameCore::Lua::StaticVirtualInstance<GameCore::Cache::Lua::IMap, GameCore::Cache::Map::Instance>::ms_pkInitializer	std::__1::unique_ptr<GameCore::Cache::Lua::IMap, std::__1::default_delete<GameCore::Cache::Lua::IMap> >	8	.data	0xb699b0	0xb6b9b0	8	1.00
GameCore::Lua::StaticVirtualInstance<GameCore::Cache::Lua::IPlayerManager, GameCore::Cache::Player::Manager>::ms_pkInitializer	std::__1::unique_ptr<GameCore::Cache::Lua::IPlayerManager, std::__1::default_delete<GameCore::Cache::Lua::IPlayerManager> >	8	.data	0xb69b20	0xb6bb20	5	1.00
GameCore::Lua::StaticVirtualInstance<GameCore::Cache::Lua::IPlayerVisibilityManager, GameCore::Cache::Map::Player::Visibility::Manager>::ms_pkInitializer	std::__1::unique_ptr<GameCore::Cache::Lua::IPlayerVisibilityManager, std::__1::default_delete<GameCore::Cache::Lua::IPlayerVisibilityManager> >	8	.data	0xb69b98	0xb6bb98	5	1.00
GameCore::Lua::StaticVirtualInstance<GameCore::Cache::Lua::IUnitManager, GameCore::Cache::Unit::Manager>::ms_pkInitializer	std::__1::unique_ptr<GameCore::Cache::Lua::IUnitManager, std::__1::default_delete<GameCore::Cache::Lua::IUnitManager> >	8	.data	0xb69d50	0xb6bd50	5	1.00
GameCore::Lua::StaticVirtualInstance<GameCore::Cache::Lua::IUnits, GameCore::Cache::Map::UnitContainer>::ms_pkInitializer	std::__1::unique_ptr<GameCore::Cache::Lua::IUnits, std::__1::default_delete<GameCore::Cache::Lua::IUnits> >	8	.data	0xb69d58	0xb6bd58	5	1.00
GameCore::Lua::StaticVirtualInstance<GameCore::Lua::ICityManager, GameCore::City::Manager>::ms_pkInitializer	std::__1::unique_ptr<GameCore::Lua::ICityManager, std::__1::default_delete<GameCore::Lua::ICityManager> >	8	.data	0xb69ee0	0xb6bee0	8	1.00
GameCore::Lua::StaticVirtualInstance<GameCore::Lua::IGame, GameCore::Game::Instance>::ms_pkInitializer	std::__1::unique_ptr<GameCore::Lua::IGame, std::__1::default_delete<GameCore::Lua::IGame> >	8	.data	0xb69fc0	0xb6bfc0	8	1.00
GameCore::Lua::StaticVirtualInstance<GameCore::Lua::IGameEffects, GameEffects::Instance>::ms_pkInitializer	std::__1::unique_ptr<GameCore::Lua::IGameEffects, std::__1::default_delete<GameCore::Lua::IGameEffects> >	8	.data	0xb6a048	0xb6c048	5	1.00
GameCore::Lua::StaticVirtualInstance<GameCore::Lua::IPlayerManager, GameCore::Player::Manager>::ms_pkInitializer	std::__1::unique_ptr<GameCore::Lua::IPlayerManager, std::__1::default_delete<GameCore::Lua::IPlayerManager> >	8	.data	0xb6a160	0xb6c160	8	1.00
GameCore::Lua::ms_kObserverReference	GameCore::Lua::PlayerReference	4	.data	0xb6a0f0	0xb6c0f0	3	1.00
GameCore::Map::CircumCircleFunc	CircumCircleFuncPtr	48	.data	0xb8d420	0xb8f420	2	1.00
GameCore::Map::CurrentVersion	const int	4	.rdata	0x9bf430	0x9c0430	1	1.00
GameCore::Map::Feature::Manager::ms_uiComponentIndex	uint	4	.data	0xb6aab0	0xb6cab0	2	1.00
GameCore::Map::Feature::Manager_CurrentVersion	const int	4	.rdata	0xa3f1a4	0xa403f4	1	1.00
GameCore::Map::Generator::ms_kRandom	GameCore::Random	None	.data	0xb8d460	0xb8f460	8	1.00
GameCore::Map::Hexspace::Direction::ms_eTurnLeftDirection	GameCore[]	0	.data	0xb5f6b8	0xb616b8	1	1.00
GameCore::Map::Hexspace::Direction::ms_eTurnRightDirection	GameCore[]	0	.data	0xb5f6a0	0xb616a0	2	1.00
GameCore::Map::Hexspace::Direction::ms_iHexDirectionX	int[]	0	.data	0xb5f670	0xb61670	28	1.00
GameCore::Map::Hexspace::Direction::ms_iHexDirectionY	int[]	0	.data	0xb5f688	0xb61688	28	1.00
GameCore::Map::Player::Visibility::ms_pkInstance	GameCore::Map::Player::Visibility::Manager*	8	.data	0xb8c1f8	0xb8e1f8	2	1.00
GameCore::Map::River::Manager::ms_uiComponentIndex	uint	4	.data	0xb6ab20	0xb6cb20	3	1.00
GameCore::Map::River::RiverInstance_CurrentVersion	const int	4	.rdata	0xa3fb68	0xa40e4c	1	1.00
GameCore::Map::River::RiverManager_CurrentVersion	const int	4	.rdata	0xa3fb6c	0xa40e50	1	1.00
GameCore::Map::Route::Manager::ms_uiComponentIndex	uint	4	.data	0xb5f8f0	0xb618f0	3	1.00
GameCore::Map::Route::PortalManager_CurrentVersion	const uint	4	.rdata	0x9c0108	0x9c1128	1	1.00
GameCore::Map::Route::RouteManager_CurrentVersion	const uint	4	.rdata	0x9c0104	0x9c1124	1	1.00
GameCore::Map::SparseComponentIDGrid_CurrentVersion	const int	4	.rdata	0x9bf888	0x9c08a8	1	1.00
GameCore::Map::Terrain::Manager::ms_uiComponentIndex	uint	4	.data	0xb6ab90	0xb6cb90	3	1.00
GameCore::Map::Terrain::Manager_CurrentVersion	const int	4	.rdata	0xa40188	0xa413d8	1	1.00
GameCore::Map::Territory::Builder::ms_uiComponentIndex	uint	4	.data	0xb5eae0	0xb60ae0	1	1.00
GameCore::Map::Territory::Container::ms_uiComponentIndex	uint	4	.data	0xb5eb50	0xb60b50	3	1.00
GameCore::Map::Territory::CurrentVersion	const int	4	.rdata	0x9bc9c8	0x9bd9d8	1	1.00
GameCore::Map::ms_aTerrainTypeToTerrainClassType	eastl::vector<GameCore::TerrainClassTypes, eastl::allocator>	32	.data	0xb88d38	0xb8ad38	6	1.00
GameCore::Map::ms_eIce	GameCore	4	.data	0xb66168	0xb68168	4	1.00
GameCore::Map::ms_eTERRAIN_SNOW	GameCore	4	.data	0xb6616c	0xb6816c	4	1.00
GameCore::Map::ms_eTERRAIN_SNOW_HILLS	GameCore	4	.data	0xb66170	0xb68170	4	1.00
GameCore::Map::ms_eTERRAIN_SNOW_MOUNTAIN	GameCore	4	.data	0xb66174	0xb68174	4	1.00
GameCore::Map::ms_eTERRAIN_TUNDRA	GameCore	4	.data	0xb66178	0xb68178	3	1.00
GameCore::Map::ms_eTERRAIN_TUNDRA_HILLS	GameCore	4	.data	0xb6617c	0xb6817c	3	1.00
GameCore::Map::ms_eTERRAIN_TUNDRA_MOUNTAIN	GameCore	4	.data	0xb66180	0xb68180	3	1.00
GameCore::Map::ms_iAllOceanRadius	int	4	.data	0xb66164	0xb68164	2	1.00
GameCore::Map::ms_iBonusResourceFertility	int	4	.data	0xb66134	0xb68134	4	1.00
GameCore::Map::ms_iCoastFertility	int	4	.data	0xb66138	0xb68138	4	1.00
GameCore::Map::ms_iFreshWaterFertility	int	4	.data	0xb6613c	0xb6813c	4	1.00
GameCore::Map::ms_iGoldExchangeRate	int	4	.data	0xb66130	0xb68130	4	1.00
GameCore::Map::ms_iLuxuryResourceFertility	int	4	.data	0xb66140	0xb68140	4	1.00
GameCore::Map::ms_iMountainAdjacentFertility	int	4	.data	0xb66144	0xb68144	4	1.00
GameCore::Map::ms_iNaturalWonderAdjacentFertility	int	4	.data	0xb66148	0xb68148	4	1.00
GameCore::Map::ms_iRiverFertility	int	4	.data	0xb6614c	0xb6814c	4	1.00
GameCore::Map::ms_iSnowIceFertility	int	4	.data	0xb66150	0xb68150	5	1.00
GameCore::Map::ms_iStrategicResourceAdditional	int	4	.data	0xb6615c	0xb6815c	4	1.00
GameCore::Map::ms_iStrategicResourceFertility	int	4	.data	0xb66158	0xb68158	4	1.00
GameCore::Map::ms_iStrategicResourceRange	int	4	.data	0xb66160	0xb68160	4	1.00
GameCore::Map::ms_iTundraFertilityModifier	int	4	.data	0xb66154	0xb68154	3	1.00
GameCore::Map::ms_kCityAttributeCache	CityAttributeCache	32	.data	0xb5f480	0xb61480	10	1.00
GameCore::Map::ms_kEmptyCityAttributes	GameCore::Map::Plot::CityAttributes	None	.data	0xb5f3f8	0xb613f8	1	1.00
GameCore::Map::ms_kEmptyCityID	GameCore::Player::ComponentID	8	.data	0xb5f3f0	0xb613f0	4	1.00
GameCore::Map::ms_kEmptyMap	Data::TypedVariantMap	None	.data	0xb89240	0xb8b240	2	1.00
GameCore::Map::ms_kFeatureLayoutCache	FeatureLayoutCache	72	.data	0xb5f500	0xb61500	14	1.00
GameCore::Map::ms_numYields	uint	4	.data	0xb8d480	0xb8f480	6	1.00
GameCore::Messages::CityCommand::ms_szIntanceName	const char*	8	.data	0xb5ebc0	0xb60bc0	2	1.00
GameCore::Messages::CityOperation::ms_szIntanceName	const char*	8	.data	0xb5ebc8	0xb60bc8	2	1.00
GameCore::Messages::CivicsCommand::ms_szIntanceName	const char*	8	.data	0xb5ebd0	0xb60bd0	4	1.00
GameCore::Messages::DiplomacyAction::ms_szIntanceName	const char*	8	.data	0xb5ebd8	0xb60bd8	2	1.00
GameCore::Messages::DiplomacyDeal::ms_szIntanceName	const char*	8	.data	0xb5ebe0	0xb60be0	2	1.00
GameCore::Messages::DiplomacySession::ms_szIntanceName	const char*	8	.data	0xb5ebe8	0xb60be8	4	1.00
GameCore::Messages::DiplomacyStatement::ms_szIntanceName	const char*	8	.data	0xb5ebf0	0xb60bf0	2	1.00
GameCore::Messages::GamePaused::ms_szIntanceName	const char*	8	.data	0xb5ebf8	0xb60bf8	3	1.00
GameCore::Messages::GameTurnComplete::ms_szIntanceName	const char*	8	.data	0xb5ec00	0xb60c00	3	1.00
GameCore::Messages::GameUpdate::ms_szIntanceName	const char*	8	.data	0xb5ec08	0xb60c08	3	1.00
GameCore::Messages::PlayerConnectionChange::ms_szIntanceName	const char*	8	.data	0xb5ec20	0xb60c20	3	1.00
GameCore::Messages::PlayerOperation::ms_szIntanceName	const char*	8	.data	0xb5ec28	0xb60c28	3	1.00
GameCore::Messages::PlayerRetire::ms_szIntanceName	const char*	8	.data	0xb5ec30	0xb60c30	3	1.00
GameCore::Messages::PlayerSnapshotStatus::ms_szIntanceName	const char*	8	.data	0xb5ec38	0xb60c38	3	1.00
GameCore::Messages::PlayerSwap::ms_szIntanceName	const char*	8	.data	0xb5ec40	0xb60c40	3	1.00
GameCore::Messages::PlayerTurnComplete::ms_szIntanceName	const char*	8	.data	0xb5ec48	0xb60c48	3	1.00
GameCore::Messages::PlayerTurnUnready::ms_szIntanceName	const char*	8	.data	0xb5ec50	0xb60c50	3	1.00
GameCore::Messages::UnitCommand::ms_szIntanceName	const char*	8	.data	0xb5ec58	0xb60c58	2	1.00
GameCore::Messages::UnitOperation::ms_szIntanceName	const char*	8	.data	0xb5ec60	0xb60c60	2	1.00
GameCore::Messages::ms_MessageMap	MessageMap	48	.data	0xb889b8	0xb8a9b8	3	1.00
GameCore::Messages::ms_bHasDoneInitialRecordingWrite	bool	1	.data	0xb88a1b	0xb8aa1b	4	1.00
GameCore::Messages::ms_bIsExecutingMessage	bool	1	.data	0xb88a18	0xb8aa18	4	1.00
GameCore::Messages::ms_bPlayback	bool	1	.data	0xb88a1a	0xb8aa1a	5	1.00
GameCore::Messages::ms_bRecordQueueCanPlayback	bool	1	.data	0xb88a1c	0xb8aa1c	4	1.00
GameCore::Messages::ms_bRecording	bool	1	.data	0xb88a19	0xb8aa19	5	1.00
GameCore::Messages::ms_kMessageQueue	MessageQueue	24	.data	0xb889e8	0xb8a9e8	11	1.00
GameCore::Messages::ms_kMessageRecordQueue	MessageQueue	24	.data	0xb88a00	0xb8aa00	17	1.00
GameCore::Messages::ms_outMsgAlloc	Platform::HeapAllocator<51, 0>	8	.data	0xb5ec10	0xb60c10	1	1.00
GameCore::NUM_YIELD_TYPES	GameCore	4	.data	0xb8d660	0xb8f660	43	1.00
GameCore::ObjectPairing::Manager::ms_uiComponentID	uint	4	.data	0xb8dc30	0xb8fc30	1	1.00
GameCore::ObjectPairing::Manager::ms_uiComponentIndex	uint	4	.data	0xb67400	0xb69400	2	1.00
GameCore::PSEUDOYIELD_CITY_BASE	GameCore	4	.data	0xb8c5b8	0xb8e5f0	3	1.00
GameCore::PSEUDOYIELD_CITY_DEFENDING_UNITS	GameCore	4	.data	0xb8c5c0	0xb8e5f8	2	1.00
GameCore::PSEUDOYIELD_CITY_DEFENSES	GameCore	4	.data	0xb8c5bc	0xb8e5f4	6	1.00
GameCore::PSEUDOYIELD_CITY_ORIGINAL_CAPITAL	GameCore	4	.data	0xb8c5c4	0xb8e5fc	3	1.00
GameCore::PSEUDOYIELD_CITY_POPULATION	GameCore	4	.data	0xb8c5c8	0xb8e600	2	1.00
GameCore::PSEUDOYIELD_CIVIC	GameCore	4	.data	0xb8c670	0xb8e6a8	2	1.00
GameCore::PSEUDOYIELD_CLEAR_BANDIT_CAMPS	GameCore	4	.data	0xb8c5b4	0xb8e5ec	1	1.00
GameCore::PSEUDOYIELD_DIPLOMATIC_BONUS	GameCore	4	.data	0xb8c664	0xb8e69c	3	1.00
GameCore::PSEUDOYIELD_DIPLOMATIC_FAVOR	GameCore	4	.data	0xb8c5cc	0xb8e604	11	1.00
GameCore::PSEUDOYIELD_DIPLOMATIC_GRIEVANCE	GameCore	4	.data	0xb8c5d0	0xb8e608	4	1.00
GameCore::PSEUDOYIELD_DIPLOMATIC_VICTORY_POINT	GameCore	4	.data	0xb8c5d4	0xb8e60c	3	1.00
GameCore::PSEUDOYIELD_DISTRICT	GameCore	4	.data	0xb8c63c	0xb8e674	5	1.00
GameCore::PSEUDOYIELD_ENVIRONMENT	GameCore	4	.data	0xb8c610	0xb8e648	1	1.00
GameCore::PSEUDOYIELD_GOLDENAGE_POINT	GameCore	4	.data	0xb8c5d8	0xb8e610	20	1.00
GameCore::PSEUDOYIELD_GOVERNOR	GameCore	4	.data	0xb8c5dc	0xb8e614	2	1.00
GameCore::PSEUDOYIELD_GPP_ADMIRAL	GameCore	4	.data	0xb8c5e4	0xb8e61c	1	1.00
GameCore::PSEUDOYIELD_GPP_ARTIST	GameCore	4	.data	0xb8c5fc	0xb8e634	2	1.00
GameCore::PSEUDOYIELD_GPP_ENGINEER	GameCore	4	.data	0xb8c5e8	0xb8e620	1	1.00
GameCore::PSEUDOYIELD_GPP_GENERAL	GameCore	4	.data	0xb8c5e0	0xb8e618	2	1.00
GameCore::PSEUDOYIELD_GPP_MERCHANT	GameCore	4	.data	0xb8c5ec	0xb8e624	1	1.00
GameCore::PSEUDOYIELD_GPP_MUSICIAN	GameCore	4	.data	0xb8c600	0xb8e638	2	1.00
GameCore::PSEUDOYIELD_GPP_PROPHET	GameCore	4	.data	0xb8c5f0	0xb8e628	2	1.00
GameCore::PSEUDOYIELD_GPP_SCIENTIST	GameCore	4	.data	0xb8c5f4	0xb8e62c	2	1.00
GameCore::PSEUDOYIELD_GPP_WRITER	GameCore	4	.data	0xb8c5f8	0xb8e630	1	1.00
GameCore::PSEUDOYIELD_GREATWORK_ARTIFACT	GameCore	4	.data	0xb8c654	0xb8e68c	1	1.00
GameCore::PSEUDOYIELD_GREATWORK_LANDSCAPE	GameCore	4	.data	0xb8c64c	0xb8e684	1	1.00
GameCore::PSEUDOYIELD_GREATWORK_MUSIC	GameCore	4	.data	0xb8c65c	0xb8e694	1	1.00
GameCore::PSEUDOYIELD_GREATWORK_PORTRAIT	GameCore	4	.data	0xb8c648	0xb8e680	1	1.00
GameCore::PSEUDOYIELD_GREATWORK_RELIC	GameCore	4	.data	0xb8c660	0xb8e698	1	1.00
GameCore::PSEUDOYIELD_GREATWORK_RELIGIOUS	GameCore	4	.data	0xb8c650	0xb8e688	1	1.00
GameCore::PSEUDOYIELD_GREATWORK_SCULPTURE	GameCore	4	.data	0xb8c644	0xb8e67c	1	1.00
GameCore::PSEUDOYIELD_GREATWORK_WRITING	GameCore	4	.data	0xb8c658	0xb8e690	1	1.00
GameCore::PSEUDOYIELD_HAPPINESS	GameCore	4	.data	0xb8c604	0xb8e63c	2	1.00
GameCore::PSEUDOYIELD_IMPROVEMENT	GameCore	4	.data	0xb8c60c	0xb8e644	2	1.00
GameCore::PSEUDOYIELD_INFLUENCE	GameCore	4	.data	0xb8c608	0xb8e640	9	1.00
GameCore::PSEUDOYIELD_NUCLEAR_WEAPON	GameCore	4	.data	0xb8c668	0xb8e6a0	9	1.00
GameCore::PSEUDOYIELD_RELIGIOUS_CONVERT_EMPIRE	GameCore	4	.data	0xb8c614	0xb8e64c	2	1.00
GameCore::PSEUDOYIELD_RESOURCE_LUXURY	GameCore	4	.data	0xb8c66c	0xb8e6a4	3	1.00
GameCore::PSEUDOYIELD_SPACE_RACE	GameCore	4	.data	0xb8c674	0xb8e6ac	6	1.00
GameCore::PSEUDOYIELD_STANDING_ARMY_NUMBER	GameCore	4	.data	0xb8c678	0xb8e6b0	2	1.00
GameCore::PSEUDOYIELD_STANDING_ARMY_VALUE	GameCore	4	.data	0xb8c67c	0xb8e6b4	2	1.00
GameCore::PSEUDOYIELD_TECHNOLOGY	GameCore	4	.data	0xb8c680	0xb8e6b8	2	1.00
GameCore::PSEUDOYIELD_TOURISM	GameCore	4	.data	0xb8c684	0xb8e6bc	23	1.00
GameCore::PSEUDOYIELD_UNIT_AIR_COMBAT	GameCore	4	.data	0xb8c624	0xb8e65c	5	1.00
GameCore::PSEUDOYIELD_UNIT_ARCHAEOLOGIST	GameCore	4	.data	0xb8c618	0xb8e650	3	1.00
GameCore::PSEUDOYIELD_UNIT_COMBAT	GameCore	4	.data	0xb8c61c	0xb8e654	27	1.00
GameCore::PSEUDOYIELD_UNIT_EXPLORER	GameCore	4	.data	0xb8c628	0xb8e660	5	1.00
GameCore::PSEUDOYIELD_UNIT_NAVAL_COMBAT	GameCore	4	.data	0xb8c620	0xb8e658	6	1.00
GameCore::PSEUDOYIELD_UNIT_RELIGIOUS	GameCore	4	.data	0xb8c630	0xb8e668	4	1.00
GameCore::PSEUDOYIELD_UNIT_SETTLER	GameCore	4	.data	0xb8c62c	0xb8e664	4	1.00
GameCore::PSEUDOYIELD_UNIT_SPY	GameCore	4	.data	0xb8c638	0xb8e670	9	1.00
GameCore::PSEUDOYIELD_UNIT_TRADE	GameCore	4	.data	0xb8c634	0xb8e66c	3	1.00
GameCore::PSEUDOYIELD_WONDER	GameCore	4	.data	0xb8c640	0xb8e678	6	1.00
GameCore::Phase::CurrentVersion	const int	4	.rdata	0x9bfb88	0x9c0ba8	1	1.00
GameCore::Phase::ms_TurnSegmentsDisabled	TurnSegmentTypeIndexList<bool>	32	.data	0xb88d60	0xb8ad60	11	1.00
GameCore::Phase::ms_currentPhase	int	4	.data	0xb5f7c0	0xb617c0	23	1.00
GameCore::Phase::ms_lastValidPhase	GameCore	4	.data	0xb5f7c4	0xb617c4	5	1.00
GameCore::Phase::ms_phaseDefinitions	TurnPhaseReferenceVec	32	.data	0xb88d80	0xb8ad80	21	1.00
GameCore::Phase::ms_phaseTimeLimit	uint32	4	.data	0xb88d58	0xb8ad58	5	1.00
GameCore::Player::Bonuses::ms_uiComponentIndex	uint	4	.data	0xb62160	0xb64160	3	1.00
GameCore::Player::Congress::ms_uiComponentIndex	uint	4	.data	0xb621d0	0xb641d0	3	1.00
GameCore::Player::CurrentVersion	const int	4	.rdata	0x9bfe2c	0x9c0e4c	1	1.00
GameCore::Player::Governors::ms_uiComponentIndex	uint	4	.data	0xb62420	0xb64420	3	1.00
GameCore::Player::Operations::ms_kHandlerRegistry	HandlerRegistry	48	.data	0xb8c180	0xb8e180	1	1.00
GameCore::Player::Operations::ms_mHashToName	HashToStringMap	48	.data	0xb8c150	0xb8e150	1	1.00
GameCore::Player::ms_AIUpdatesThisTurn	Types::StaticArray<unsigned int, 64>	256	.data	0xb89130	0xb8b130	3	1.00
GameCore::Player::ms_EmptyUint	uint	4	.data	0xb8c0d0	0xb8e0d0	1	1.00
GameCore::Player::ms_UpdatesThisPhase	Types::StaticArray<unsigned int, 64>	256	.data	0xb88f30	0xb8af30	5	1.00
GameCore::Player::ms_UpdatesThisTurn	Types::StaticArray<unsigned int, 64>	256	.data	0xb89030	0xb8b030	3	1.00
GameCore::Player::ms_abIsGameTurnComplete	Types::StaticArray<bool, 64>	64	.data	0xb88ef0	0xb8aef0	3	1.00
GameCore::Player::ms_abIsTurnComplete	Types::StaticArray<bool, 64>	64	.data	0xb88eb0	0xb8aeb0	4	1.00
GameCore::Player::ms_abNeedsFirstTurnActivate	Types::StaticArray<bool, 64>	64	.data	0xb88df0	0xb8adf0	1	1.00
GameCore::Player::ms_abNeedsTurnActivate	Types::StaticArray<bool, 64>	64	.data	0xb88e30	0xb8ae30	8	1.00
GameCore::Player::ms_abNeedsTurnActivateEvent	Types::StaticArray<bool, 64>	64	.data	0xb88db0	0xb8adb0	4	1.00
GameCore::Player::ms_abProcessedTurnAutomation	Types::StaticArray<bool, 64>	64	.data	0xb88e70	0xb8ae70	3	1.00
GameCore::Player::ms_ePlayerProcessingAutomation	GameCore	4	.data	0xb89230	0xb8b230	5	1.00
GameCore::Player::ms_humanFirstActivated	bool	1	.data	0xb88da4	0xb8ada4	7	1.00
GameCore::Player::ms_pkInstance	GameCore::Player::Manager*	8	.data	0xb8c140	0xb8e140	6	1.00
GameCore::Player::ms_uiActiveCount	uint	4	.data	0xb88da0	0xb8ada0	10	1.00
GameCore::QUEST_CLEAR_BARBARIAN_CAMP	GameCore	4	.data	0xb8dc74	0xb8fc74	2	1.00
GameCore::QUEST_CONVERT_CAPITAL_TO_RELIGION	GameCore	4	.data	0xb8dc6c	0xb8fc6c	2	1.00
GameCore::QUEST_RECRUIT_GREAT_PERSON_CLASS	GameCore	4	.data	0xb8dc88	0xb8fc88	2	1.00
GameCore::QUEST_SEND_TRADE_ROUTE	GameCore	4	.data	0xb8dc70	0xb8fc70	2	1.00
GameCore::QUEST_TRAIN_UNIT_TYPE	GameCore	4	.data	0xb8dc78	0xb8fc78	2	1.00
GameCore::QUEST_TRIGGER_CIVIC_BOOST	GameCore	4	.data	0xb8dc84	0xb8fc84	2	1.00
GameCore::QUEST_TRIGGER_TECH_BOOST	GameCore	4	.data	0xb8dc80	0xb8fc80	2	1.00
GameCore::QUEST_ZONE_DISTRICT_TYPE	GameCore	4	.data	0xb8dc7c	0xb8fc7c	2	1.00
GameCore::Quests::Manager::ms_uiComponentID	uint	4	.data	0xb8dc8c	0xb8fc8c	1	1.00
GameCore::Quests::Manager::ms_uiComponentIndex	uint	4	.data	0xb67590	0xb69590	2	1.00
GameCore::Reporting::ConfigurationEvent::ms_bEnabled	bool	1	.data	0xb66d40	0xb68d40	2	1.00
GameCore::Reporting::Event::ms_bEnabled	bool	1	.data	0xb66d41	0xb68d41	31	1.00
GameCore::Reporting::Event::ms_kInBlock	BlockTypes	32	.data	0xb8d668	0xb8f668	4	1.00
GameCore::Reporting::Notification::CurrentVersion	const int	4	.rdata	0x9be25c	0x9bf26c	1	1.00
GameCore::Reporting::Notification::Manager::ms_uiComponentID	uint	4	.data	0xb88a40	0xb8aa40	1	1.00
GameCore::Reporting::Notification::Manager::ms_uiComponentIndex	uint	4	.data	0xb5ecd0	0xb60cd0	2	1.00
GameCore::Reporting::Notification::ms_InstancePool	GameCore::Reporting::Notification::PoolType	32	.data	0xb8df80	0xb8ff80	1	1.00
GameCore::Reporting::Notification::ms_kNotificationCreatorMap	NotificationCreatorMap	40	.data	0xb5ecd8	0xb60cd8	1	1.00
GameCore::Reporting::Status::ms_bEnabled	bool	1	.data	0xb66d42	0xb68d42	2	1.00
GameCore::Rules::Appeal::ms_pkInstance	GameCore::Rules::Appeal::Instance*	8	.data	0xb8c228	0xb8e228	6	1.00
GameCore::Rules::Buildings::ms_pkInstance	GameCore::Rules::Buildings::Instance*	8	.data	0xb8c230	0xb8e230	6	1.00
GameCore::Rules::Cities::ms_pkInstance	GameCore::Rules::Cities::Instance*	8	.data	0xb8c238	0xb8e238	6	1.00
GameCore::Rules::Civics::ms_pkInstance	GameCore::Rules::Civics::Instance*	8	.data	0xb8c240	0xb8e240	5	1.00
GameCore::Rules::Civilizations::ms_pkInstance	GameCore::Rules::Civilizations::Instance*	8	.data	0xb8c248	0xb8e248	5	1.00
GameCore::Rules::Combat::ms_pkInstance	GameCore::Rules::Combat::Instance*	8	.data	0xb8c250	0xb8e250	6	1.00
GameCore::Rules::CurrentVersion	const uint	4	.rdata	0x9c0218	0x9c1238	1	1.00
GameCore::Rules::Diplomacy::ms_pkInstance	GameCore::Rules::Diplomacy::Instance*	8	.data	0xb8c258	0xb8e258	6	1.00
GameCore::Rules::Districts::ms_pkInstance	GameCore::Rules::Districts::Instance*	8	.data	0xb8c260	0xb8e260	6	1.00
GameCore::Rules::Economic::ms_pkInstance	GameCore::Rules::Economic::Instance*	8	.data	0xb8c268	0xb8e268	6	1.00
GameCore::Rules::Era::ms_pkInstance	GameCore::Rules::Era::Instance*	8	.data	0xb8c270	0xb8e270	6	1.00
GameCore::Rules::Espionage::iThreeDieSixProb	int[]	0	.data	0xb62c70	0xb64c70	1	1.00
GameCore::Rules::Espionage::ms_pkInstance	GameCore::Rules::Espionage::Instance*	8	.data	0xb8c278	0xb8e278	6	1.00
GameCore::Rules::Governments::ms_pkInstance	GameCore::Rules::Governments::Instance*	8	.data	0xb8c280	0xb8e280	5	1.00
GameCore::Rules::Improvements::ms_pkInstance	GameCore::Rules::Improvements::Instance*	8	.data	0xb8c288	0xb8e288	6	1.00
GameCore::Rules::Movement::ms_pkInstance	GameCore::Rules::Movement::Instance*	8	.data	0xb8c290	0xb8e290	6	1.00
GameCore::Rules::Placement::ms_pkInstance	GameCore::Rules::Placement::Instance*	8	.data	0xb8c298	0xb8e298	6	1.00
GameCore::Rules::Players::ms_pkInstance	GameCore::Rules::Players::Instance*	8	.data	0xb8c2a0	0xb8e2a0	4	1.00
GameCore::Rules::Units::ms_pkInstance	GameCore::Rules::Units::Instance*	8	.data	0xb8c2b8	0xb8e2b8	6	1.00
GameCore::Rules::Yields::ms_pkInstance	GameCore::Rules::Yields::Instance*	8	.data	0xb8c2c0	0xb8e2c0	6	1.00
GameCore::Rules::iThreeDieSixProb	int[]	0	.data	0xb62ea0	0xb64ea0	1	1.00
GameCore::Rules::ms_pkInstance	GameCore::Rules::Manager*	8	.data	0xb89298	0xb8b298	6	1.00
GameCore::SharedParameters::SingleLocation_CurrentVersion	const int	4	.rdata	0xa1be34	0xa1d084	1	1.00
GameCore::SharedParameters::SingleUnit_CurrentVersion	const int	4	.rdata	0xa1be38	0xa1d088	1	1.00
GameCore::Stopwatch::ms_bGlobalDisable	bool	1	.data	0xb66d44	0xb68d44	5	1.00
GameCore::Stopwatch::ms_iLoggingDepth	int	4	.data	0xb66d48	0xb68d48	2	1.00
GameCore::Trade::Manager::ms_uiComponentID	uint	4	.data	0xb8c2d8	0xb8e2d8	1	1.00
GameCore::Trade::Manager::ms_uiComponentIndex	uint	4	.data	0xb63010	0xb65010	5	1.00
GameCore::Trade::Movement::ms_kInstance	GameCore::Trade::Movement	40	.data	0xb8c2e8	0xb8e2e8	7	1.00
GameCore::UNIT_BUILDER	GameCore	4	.data	0xb8c688	0xb8e6c0	2	1.00
GameCore::Unit::Commands::CurrentVersion	const int	4	.rdata	0xa26b68	0xa27d98	1	1.00
GameCore::Unit::Commands::Manager::ms_uiComponentID	uint	4	.data	0xb88a44	0xb8aa44	1	1.00
GameCore::Unit::Commands::Manager::ms_uiComponentIndex	uint	4	.data	0xb5ed00	0xb60d00	2	1.00
GameCore::Unit::Manager::ms_uiComponentID	uint	4	.data	0xb8dc98	0xb8fc98	1	1.00
GameCore::Unit::Manager::ms_uiComponentIndex	uint	4	.data	0xb67660	0xb69660	3	1.00
GameCore::Unit::Operations::CurrentVersion	const int	4	.rdata	0xa2c0a0	0xa2d2d0	1	1.00
GameCore::Unit::Operations::EmptyParameterVersion	const int	4	.rdata	0x9be4cc	0x9bf4dc	1	1.00
GameCore::Unit::Operations::Manager::ms_uiComponentID	uint	4	.data	0xb88a48	0xb8aa48	1	1.00
GameCore::Unit::Operations::Manager::ms_uiComponentIndex	uint	4	.data	0xb5ed04	0xb60d04	2	1.00
GameCore::Unit::Operations::XP2::CurrentVersion	const int	4	.rdata	0xa42674	0xa438c4	1	1.00
GameCore::Unit::Upgrade::Manager::ms_uiComponentID	uint	4	.data	0xb8c310	0xb8e310	1	1.00
GameCore::Unit::Upgrade::Manager::ms_uiComponentIndex	uint	4	.data	0xb63380	0xb65380	2	1.00
GameCore::UnitTest::ms_pkGameInstance	GameCore::Game::Instance*	8	.data	0xb8e080	0xb90080	2	1.00
GameCore::Utilities::ms_KeyAliasMap	AliasMap	40	.data	0xb66d50	0xb68d50	2	1.00
GameCore::Utilities::ms_kEmptyAliasArray	AliasArray	32	.data	0xb8daa8	0xb8faa8	2	1.00
GameCore::WorldBuilder::City::ms_kEmptyValueEntry	GameCore::WorldBuilder::ValueEntry	40	.data	0xb8dac8	0xb8fac8	4	1.00
GameCore::WorldBuilder::City::ms_kWriteBuildingQuery	std::__1::unique_ptr<Database::IDatabaseQuery1, std::__1::default_delete<Database::IDatabaseQuery1> >	8	.data	0xb8db00	0xb8fb00	8	1.00
GameCore::WorldBuilder::City::ms_kWriteCityAttributesQuery	std::__1::unique_ptr<Database::IDatabaseQuery1, std::__1::default_delete<Database::IDatabaseQuery1> >	8	.data	0xb8db08	0xb8fb08	6	1.00
GameCore::WorldBuilder::City::ms_kWriteCityQuery	std::__1::unique_ptr<Database::IDatabaseQuery1, std::__1::default_delete<Database::IDatabaseQuery1> >	8	.data	0xb8daf0	0xb8faf0	9	1.00
GameCore::WorldBuilder::City::ms_kWriteDistrictAttributesQuery	std::__1::unique_ptr<Database::IDatabaseQuery1, std::__1::default_delete<Database::IDatabaseQuery1> >	8	.data	0xb8db10	0xb8fb10	5	1.00
GameCore::WorldBuilder::City::ms_kWriteDistrictQuery	std::__1::unique_ptr<Database::IDatabaseQuery1, std::__1::default_delete<Database::IDatabaseQuery1> >	8	.data	0xb8daf8	0xb8faf8	10	1.00
GameCore::WorldBuilder::Configuration::ms_kEmptyValueEntry	GameCore::WorldBuilder::ValueEntry	40	.data	0xb8db18	0xb8fb18	2	1.00
GameCore::WorldBuilder::Map::ms_kEmptyValueEntry	GameCore::WorldBuilder::ValueEntry	40	.data	0xb8db60	0xb8fb60	2	1.00
GameCore::WorldBuilder::Player::Remapping::ms_kRemapList	GameCore::WorldBuilder::Player::Remapping::RemapList	24	.data	0xb8db90	0xb8fb90	22	1.00
GameCore::WorldBuilder::Unit::ms_kWriteUnitQuery	std::__1::unique_ptr<Database::IDatabaseQuery1, std::__1::default_delete<Database::IDatabaseQuery1> >	8	.data	0xb8dba0	0xb8fba0	12	1.00
GameCore::WorldBuilder::ms_kEmptyValueEntry	GameCore::WorldBuilder::ValueEntry	40	.data	0xb8dba8	0xb8fba8	3	1.00
GameCore::WorldBuilder::ms_kSerializationDatabase	GameCore::WorldBuilder::SerializationDatabase	None	.data	0xb8db40	0xb8fb40	20	1.00
GameCore::WorldBuilder::ms_pkInstance	GameCore::WorldBuilder::Manager*	8	.data	0xb8db58	0xb8fb58	2	1.00
GameCore::XP2::Context::CIV6_DLL_GUID	GUID	16	.data	0xb6b650	0xb6d650	1	1.00
GameCore::XP2::Context::CIV6_SERIALIZATION_EXTENDED_VERSION_INFO	const char*	8	.data	0xb6b670	0xb6d670	1	1.00
GameCore::XP2::Context::CIV6_SERIALIZATION_MAJOR_VERSION	uint	4	.data	0xb6b668	0xb6d668	1	1.00
GameCore::XP2::Context::CIV6_SERIALIZATION_MINOR_VERSION	uint	4	.data	0xb8e088	0xb90088	1	1.00
GameCore::YIELD_CULTURE	GameCore	4	.data	0xb8d658	0xb8f658	45	1.00
GameCore::YIELD_FAITH	GameCore	4	.data	0xb8d65c	0xb8f65c	86	1.00
GameCore::YIELD_FOOD	GameCore	4	.data	0xb8d648	0xb8f648	40	1.00
GameCore::YIELD_GOLD	GameCore	4	.data	0xb8d650	0xb8f650	147	1.00
GameCore::YIELD_PRODUCTION	GameCore	4	.data	0xb8d64c	0xb8f64c	69	1.00
GameCore::YIELD_SCIENCE	GameCore	4	.data	0xb8d654	0xb8f654	41	1.00
GameCore::YieldMonitor::g_GlobalInstance	GameCore::YieldMonitor::Instance	48	.data	0xb8c520	0xb8e520	4	1.00
GameCore::ms_kTimer	Platform::SimpleTimer	8	.data	0xb8d688	0xb8f688	2	1.00
GameCore::ms_nesting	int	4	.data	0xb8d690	0xb8f690	3	1.00
GameEffects::Effects::DiplomacyRandomEffect::RELATIONSHIP_SET	const int	4	.data	0xb8e41c	0xb9041c	1	1.00
GameEffects::Effects::DiplomacySimpleEffect::MESSAGE_SENT_TURN	const int	4	.data	0xb8e26c	0xb9026c	5	1.00
GameEffects::Requirements::PlayerAtWarAndHaveMet::HAS_MET_AND_BEEN_TO_WAR	const int	4	.data	0xb8e45c	0xb9045c	3	1.00
GameEffects_ArtifactExtraction_CurrentVersion	uint32_t	4	.data	0xb6b7e4	0xb6d7a0	1	1.00
GameEffects_City_CurrentVersion	uint32_t	4	.data	0xb6b7d4	0xb6d7d8	1	1.00
GameEffects_District_CurrentVersion	uint32_t	4	.data	0xb6b7bc	0xb6d7c0	1	1.00
GameEffects_Game_CurrentVersion	uint32_t	4	.data	0xb6b7a8	0xb6d7ac	1	1.00
GameEffects_Governor_CurrentVersion	uint32_t	4	.data	0xb6b7dc	0xb6d7e0	1	1.00
GameEffects_Improvement_CurrentVersion	uint32_t	4	.data	0xb6b7a0	0xb6d7a4	1	1.00
GameEffects_Player_CurrentVersion	uint32_t	4	.data	0xb6b7b0	0xb6d7b4	1	1.00
GameEffects_Team_CurrentVersion	uint32_t	4	.data	0xb6b7a4	0xb6d7a8	1	1.00
GameEffects_UnitDeath_CurrentVersion	uint32_t	4	.data	0xb6b7d0	0xb6d7d0	1	1.00
GameEffects_Unit_CurrentVersion	uint32_t	4	.data	0xb6b7c8	0xb6d7cc	1	1.00
GameSummaryNewRepository_CurrentVersion	const uint	4	.rdata	0xa19bb8	0xa1ae08	1	1.00
GameSummaryRepository_CurrentVersion	const uint	4	.rdata	0xa19bd8	0xa1ae28	1	1.00
Instance_CurrentVersion	uint8_t	1	.data	0xb6b7c0	0xb6d7c4	1	1.00
ModifierDefinition_CurrentVersion	uint8_t	1	.data	0xb6b7c2	0xb6d7c6	1	1.00
ModifierObject_CurrentVersion	uint8_t	1	.data	0xb6b7c3	0xb6d7c7	1	1.00
ModifierSystem_CurrentVersion	uint8_t	1	.data	0xb6b7c1	0xb6d7c5	1	1.00
RecycledIDContainerVersion_Current	const uint	4	.rdata	0xa0c4b4	0xa0d704	1	1.00
RequirementSystem_CurrentVersion	uint8_t	1	.data	0xb6b7c4	0xb6d7c8	1	1.00
Serialization::Achivements_CurrentVersion	const int	4	.rdata	0x9cbe00	0x9cccd0	1	1.00
Serialization::AttackRangeModifiers_CurrentVersion	const int	4	.rdata	0x9f3908	0x9f4928	4	1.00
Serialization::CoastalLowland_CurrentVersion	const int	4	.rdata	0xa40178	0xa413c8	1	1.00
Serialization::CombatModifiers_CurrentVersion	const int	4	.rdata	0x9f38fc	0x9f491c	1	1.00
Serialization::CongressDiscussionCurrentVersion	const int	4	.rdata	0x9f5488	0x9f64a8	1	1.00
Serialization::CongressManagerCurrentVersion	const int	4	.rdata	0x9f5484	0x9f64a4	1	1.00
Serialization::CongressResolutionCurrentVersion	const int	4	.rdata	0x9f59f8	0x9f6a18	1	1.00
Serialization::CurrentGossipTypeCountListVersion	const int	4	.rdata	0x9e6640	0x9e75f8	1	1.00
Serialization::CurrentGrievenceScoreModifierListVersion	const int	4	.rdata	0x9e3cc8	0x9e4bf8	1	1.00
Serialization::CurrentIncursionMadeListVersion	const int	4	.rdata	0x9e664c	0x9e7604	1	1.00
Serialization::CurrentPromiseTypeMadeListVersion	const int	4	.rdata	0x9e6648	0x9e7600	1	1.00
Serialization::CurrentVersion	const int	4	.rdata	0xa44988	0xa45bd8	1	1.00
Serialization::Desert_CurrentVersion	const int	4	.rdata	0xa4017c	0xa413cc	1	1.00
Serialization::DistrictAndBuildingsCreateUnitWithAbilityByClass_CurrentVersion	const int	4	.rdata	0x9e9194	0x9ea1c4	1	1.00
Serialization::DistrictCreateUnit_CurrentVersion	const int	4	.rdata	0x9e9190	0x9ea1c0	1	1.00
Serialization::DistrictCreateYield_CurrentVersion	const int	4	.rdata	0x9e918c	0x9ea1bc	1	1.00
Serialization::DistrictUnlockCivic_CurrentVersion	const int	4	.rdata	0x9e919c	0x9ea1cc	2	1.00
Serialization::DistrictUnlockTech_CurrentVersion	const int	4	.rdata	0x9e9198	0x9ea1c8	2	1.00
Serialization::Eruption_CurrentVersion	const int	4	.rdata	0xa3f1b4	0xa40404	1	1.00
Serialization::HealthModifiers_CurrentVersion	const int	4	.rdata	0x9f38f4	0x9f4914	2	1.00
Serialization::HealthReligionModifiers_CurrentVersion	const int	4	.rdata	0x9f38f8	0x9f4918	2	1.00
Serialization::HistoricalEvent_CurrentVersion	const int	4	.rdata	0x9e2388	0x9e32b8	1	1.00
Serialization::Ice_CurrentVersion	const int	4	.rdata	0xa3f1b0	0xa40400	1	1.00
Serialization::InitiationYieldPopulation_CurrentVersion	const int	4	.rdata	0x9f4eec	0x9f5f0c	1	1.00
Serialization::InstanceCurrentVersion	const int	4	.rdata	0x9d2e18	0x9d3f30	1	1.00
Serialization::ManagerCurrentVersion	const int	4	.rdata	0x9d2e20	0x9d3f38	1	1.00
Serialization::MountainRange_CurrentVersion	const int	4	.rdata	0xa40180	0xa413d0	1	1.00
Serialization::MovementModifiers_CurrentVersion	const int	4	.rdata	0x9f3900	0x9f4920	1	1.00
Serialization::NamedTerritory_CurrentVersion	const int	4	.rdata	0xa40184	0xa413d4	1	1.00
Serialization::NaturalWonderVolcano_CurrentVersion	const int	4	.rdata	0xa3f1bc	0xa4040c	1	1.00
Serialization::PlayerDistricts_CurrentVersion	const int	4	.rdata	0x9e91a0	0x9ea1d0	1	1.00
Serialization::RandomEvents_CurrentVersion	const int	4	.rdata	0x9e238c	0x9e32bc	1	1.00
Serialization::RiverFlood_CurrentVersion	const int	4	.rdata	0xa3fb70	0xa40e48	1	1.00
Serialization::SightModifiers_CurrentVersion	const int	4	.rdata	0x9f3904	0x9f4924	4	1.00
Serialization::SignalStructCurrentVersion	const int	4	.rdata	0x9d2e1c	0x9d3f34	1	1.00
Serialization::UnitContainer_CurrentVersion	const int	4	.rdata	0x9bf884	0x9c08a4	1	1.00
Serialization::VictoryManager_CurrentVersion	const int	4	.rdata	0x9e3a2c	0x9e495c	1	1.00
Serialization::Volcano_CurrentVersion	const int	4	.rdata	0xa3f1b8	0xa40408	1	1.00
Serialization_Alliance_CurrentVersion	uint32_t	4	.data	0xb6b7d8	0xb6d7dc	1	1.00
Serialization_Congress_CurrentVersion	uint32_t	4	.data	0xb6b7ac	0xb6d7b0	1	1.00
Serialization_CurrentVersion	uint32_t	4	.data	0xb6b7b4	0xb6d7b8	1	1.00
Serialization_Emergency_CurrentVersion	uint32_t	4	.data	0xb6b7e0	0xb6d7e4	1	1.00
Serialization_PotentialTradeRoutes_CurrentVersion	uint32_t	4	.data	0xb6b7b8	0xb6d7bc	1	1.00
Serialization_TradeRoutes_CurrentVersion	uint32_t	4	.data	0xb6b7cc	0xb6d7d4	1	1.00
TrackedValue::TrackedValueSerializationVersion	const uint	4	.rdata	0xa1be30	0xa1d080	1	1.00
g_OnBuildingConstructed	GameCore::Message::Handle	16	.data	0xb8d338	0xb8f338	2	1.00
g_OnBuildingPillageChanged	GameCore::Message::Handle	16	.data	0xb8d328	0xb8f328	2	1.00
g_OnCityAddedToMap	GameCore::Message::Handle	16	.data	0xb8d228	0xb8f228	2	1.00
g_OnCityConquered	GameCore::Message::Handle	16	.data	0xb8d238	0xb8f238	2	1.00
g_OnCityPopulationChanged	GameCore::Message::Handle	16	.data	0xb8d288	0xb8f288	2	1.00
g_OnCivicCulturevated	GameCore::Message::Handle	16	.data	0xb8d308	0xb8f308	2	1.00
g_OnCombatOccurred	GameCore::Message::Handle	16	.data	0xb8d3d8	0xb8f3d8	2	1.00
g_OnDistrictConstructed	GameCore::Message::Handle	16	.data	0xb8d2e8	0xb8f2e8	2	1.00
g_OnFaithEarned	GameCore::Message::Handle	16	.data	0xb8d2a8	0xb8f2a8	2	1.00
g_OnGameTurnEnded	GameCore::Message::Handle	16	.data	0xb8d258	0xb8f258	2	1.00
g_OnGameTurnStarted	GameCore::Message::Handle	16	.data	0xb8d248	0xb8f248	2	1.00
g_OnGreatPersonActivated	GameCore::Message::Handle	16	.data	0xb8d268	0xb8f268	2	1.00
g_OnImprovementPillaged	GameCore::Message::Handle	16	.data	0xb8d3f8	0xb8f3f8	2	1.00
g_OnNewMajorityReligion	GameCore::Message::Handle	16	.data	0xb8d298	0xb8f298	2	1.00
g_OnNuclearWeaponDetonated	GameCore::Message::Handle	16	.data	0xb8d388	0xb8f388	2	1.00
g_OnPillage	GameCore::Message::Handle	16	.data	0xb8d278	0xb8f278	2	1.00
g_OnPlayerGaveInfluenceToken	GameCore::Message::Handle	16	.data	0xb8d318	0xb8f318	2	1.00
g_OnPlayerTurnActivated	GameCore::Message::Handle	16	.data	0xb8d208	0xb8f208	2	1.00
g_OnPlayerTurnEnded	GameCore::Message::Handle	16	.data	0xb8d408	0xb8f408	2	1.00
g_OnPlayerTurnStartComplete	GameCore::Message::Handle	16	.data	0xb8d218	0xb8f218	2	1.00
g_OnPlotPropertyChanged	GameCore::Message::Handle	16	.data	0xb8d378	0xb8f378	2	1.00
g_OnPolicyEnacted	GameCore::Message::Handle	16	.data	0xb8d348	0xb8f348	2	1.00
g_OnPolicyObsoleted	GameCore::Message::Handle	16	.data	0xb8d368	0xb8f368	2	1.00
g_OnPolicyRetracted	GameCore::Message::Handle	16	.data	0xb8d358	0xb8f358	2	1.00
g_OnTechResearched	GameCore::Message::Handle	16	.data	0xb8d2f8	0xb8f2f8	2	1.00
g_OnTradeRoutePlundered	GameCore::Message::Handle	16	.data	0xb8d3e8	0xb8f3e8	2	1.00
g_OnUnitCreated	GameCore::Message::Handle	16	.data	0xb8d2b8	0xb8f2b8	2	1.00
g_OnUnitInitialized	GameCore::Message::Handle	16	.data	0xb8d2c8	0xb8f2c8	2	1.00
g_OnUnitMoved	GameCore::Message::Handle	16	.data	0xb8d3a8	0xb8f3a8	2	1.00
g_OnUnitRetreated	GameCore::Message::Handle	16	.data	0xb8d2d8	0xb8f2d8	2	1.00
g_OnUnitTriggerGoodyHut	GameCore::Message::Handle	16	.data	0xb8d3b8	0xb8f3b8	2	1.00
g_OnWMDCountChanged	GameCore::Message::Handle	16	.data	0xb8d398	0xb8f398	2	1.00
g_PostUnitPromotionEarned	GameCore::Message::Handle	16	.data	0xb8d3c8	0xb8f3c8	2	1.00
s_LogPriority	GameEffects::Logging	4	.data	0xb6b7e8	0xb6d7e8	125	1.00
s_ObjectPool	GameEffects::ObjectPool	112	.data	0xb8e570	0xb90570	75	1.00
